timestamp,AAPL,MSFT,GOOG,META,NVDA
2026-04-01 08:00:00,254.14,374.27,288.6,576.6,175.01
2026-04-01 08:15:00,254.75,374.6867,289.1,576.61,175.7207
2026-04-01 08:30:00,254.27,374.9,289.14,577.5,175.87
2026-04-01 08:45:00,254.26,374.72,288.73,576.0,175.64
2026-04-01 09:00:00,254.1,374.2,288.2,575.5,175.15
2026-04-01 09:15:00,254.18,373.51,288.0,576.38,175.18
2026-04-01 09:30:00,254.49,374.1,288.16,575.65,175.33
2026-04-01 09:45:00,254.87,374.76,288.73,576.5,175.43
2026-04-01 10:00:00,254.79,374.58,288.83,576.0,175.42
2026-04-01 10:15:00,254.83,375.16,288.72,575.89,175.56
2026-04-01 10:30:00,254.8,375.0,288.845,576.0,175.635
2026-04-01 10:45:00,255.22,375.5,289.265,576.0,175.7
2026-04-01 11:00:00,255.4736,375.7027,289.82,576.17,176.64
2026-04-01 11:15:00,255.28,375.75,289.73,575.73,176.85
2026-04-01 11:30:00,255.5889,375.8001,290.23,578.3,177.12
2026-04-01 11:45:00,255.69,376.0439,290.62,578.2,176.87
2026-04-01 12:00:00,255.19,375.89,290.26,578.2,176.81
2026-04-01 12:15:00,255.1,375.98,290.2844,578.19,176.3526
2026-04-01 12:30:00,255.29,375.83,290.8,579.0,176.6131
2026-04-01 12:45:00,254.15,374.23,289.17,576.35,175.6614
2026-04-01 13:00:00,254.29,374.41,288.54,577.5,175.7
2026-04-01 13:15:00,253.9,373.11,290.08,580.0,176.0
2026-04-01 13:30:00,255.542,369.334,292.805,578.98,175.6101
2026-04-01 13:45:00,254.62,369.63,293.76,577.65,175.89
2026-04-01 14:00:00,254.275,371.175,293.8799,577.455,176.175
2026-04-01 14:15:00,254.1201,371.51,294.19,579.43,176.2
2026-04-01 14:30:00,254.15,371.35,293.29,578.48,175.97
2026-04-01 14:45:00,254.13,371.8007,294.51,581.936,176.68
2026-04-01 15:00:00,254.155,371.905,294.79,581.6284,176.835
2026-04-01 15:15:00,254.15,371.235,294.475,583.2799,176.485
2026-04-01 15:30:00,253.95,372.125,294.985,583.08,176.86
2026-04-01 15:45:00,254.62,372.185,295.4,583.57,177.105
2026-04-01 16:00:00,254.4,372.11,295.48,584.79,177.165
2026-04-01 16:15:00,254.4301,372.61,295.58,587.22,177.1
2026-04-01 16:30:00,254.7793,372.72,296.84,588.58,176.8507
2026-04-01 16:45:00,254.6,372.522,297.25,589.61,176.655
2026-04-01 17:00:00,254.98,372.465,297.56,591.13,176.88
2026-04-01 17:15:00,255.1422,371.9,297.395,590.59,176.665
2026-04-01 17:30:00,254.963,371.285,297.5601,588.11,176.43
2026-04-01 17:45:00,254.785,370.7856,296.46,586.22,175.95
2026-04-01 18:00:00,254.7901,370.37,295.775,583.8,175.565
2026-04-01 18:15:00,254.31,369.06,294.64,579.52,175.08
2026-04-01 18:30:00,254.67,369.36,294.53,578.515,175.46
2026-04-01 18:45:00,254.42,369.29,294.35,577.06,175.465
2026-04-01 19:00:00,254.97,368.9,295.155,577.96,175.7499
2026-04-01 19:15:00,255.65,369.285,295.45,580.8,176.01
2026-04-01 19:30:00,255.85,369.18,295.25,581.34,176.1001
2026-04-01 19:45:00,255.69,369.45,294.94,579.19,175.8
2026-04-01 20:00:00,255.65,369.33,295.0,579.23,175.76
2026-04-01 20:15:00,255.3,369.12,294.8,579.0,175.59
2026-04-01 20:30:00,255.355,369.6,295.0,578.6,175.88
2026-04-01 20:45:00,255.33,370.09,294.8,579.05,175.6756
2026-04-01 21:00:00,255.25,369.91,294.85,579.0,175.88
2026-04-01 21:15:00,255.3164,369.99,294.85,578.45,175.8635
2026-04-01 21:30:00,255.31,370.11,294.99,579.49,175.92
2026-04-01 21:45:00,255.213,369.826,295.11,578.42,175.85
2026-04-01 22:00:00,255.25,369.61,294.8,578.07,176.65
2026-04-01 22:15:00,255.0,369.65,294.88,577.75,176.45
2026-04-01 22:30:00,254.998,369.85,295.12,578.33,176.4098
2026-04-01 22:45:00,254.74,369.48,294.86,577.85,176.2218
2026-04-01 23:00:00,255.03,369.45,294.99,578.49,176.3119
2026-04-01 23:15:00,255.15,369.5,295.29,578.45,176.38
2026-04-01 23:30:00,255.05,369.63,295.7,578.45,176.16
2026-04-01 23:45:00,254.9831,369.91,295.05,577.8719,176.07
2026-04-02 08:00:00,253.51,365.96,289.1,569.89,171.85
2026-04-02 08:15:00,253.52,366.0,289.1,568.52,171.71
2026-04-02 08:30:00,253.78,366.1,289.34,570.0,171.85
2026-04-02 08:45:00,253.62,365.81,289.25,569.01,171.655
2026-04-02 09:00:00,253.57,365.7,288.96,567.65,171.7
2026-04-02 09:15:00,253.95,366.1,288.98,568.25,171.79
2026-04-02 09:30:00,253.7,365.82,288.5,566.62,171.74
2026-04-02 09:45:00,253.6,365.9177,288.37,566.26,171.77
2026-04-02 10:00:00,253.13,365.42,288.21,565.6,171.32
2026-04-02 10:15:00,253.3,365.2,288.04,565.11,171.23
2026-04-02 10:30:00,254.03,365.54,288.35,566.19,171.5
2026-04-02 10:45:00,253.75,365.3,288.85,567.1947,171.75
2026-04-02 11:00:00,253.32,365.03,288.3,565.4136,171.2178
2026-04-02 11:15:00,252.85,364.42,287.79,563.8,170.6708
2026-04-02 11:30:00,252.92,364.44,287.13,563.0,170.66
2026-04-02 11:45:00,252.8,364.21,286.35,563.11,170.33
2026-04-02 12:00:00,252.79,364.54,286.55,561.73,170.55
2026-04-02 12:15:00,252.93,364.6,286.7,562.75,170.77
2026-04-02 12:30:00,253.5,364.89,286.974,562.33,170.94
2026-04-02 12:45:00,253.32,364.9867,286.4,561.52,170.9488
2026-04-02 13:00:00,253.44,365.34,286.16,561.4,170.69
2026-04-02 13:15:00,254.2,367.23,288.82,565.79,172.18
2026-04-02 13:30:00,250.84,364.86,288.73,561.1,172.04
2026-04-02 13:45:00,252.53,365.93,291.89,567.4025,174.07
2026-04-02 14:00:00,252.04,366.82,292.47,567.9325,174.25
2026-04-02 14:15:00,252.125,366.705,292.19,569.15,174.045
2026-04-02 14:30:00,253.9701,370.0401,295.46,576.02,176.3601
2026-04-02 14:45:00,255.375,369.9993,294.12,572.365,176.3301
2026-04-02 15:00:00,254.985,370.7,293.9,571.805,176.7506
2026-04-02 15:15:00,255.12,370.81,293.92,572.42,176.69
2026-04-02 15:30:00,254.85,371.145,293.9,573.44,176.955
2026-04-02 15:45:00,254.57,370.3,293.45,570.77,176.51
2026-04-02 16:00:00,254.48,369.9014,293.28,570.965,176.1401
2026-04-02 16:15:00,254.11,369.7471,293.37,570.39,176.125
2026-04-02 16:30:00,254.73,371.15,294.31,572.685,176.4801
2026-04-02 16:45:00,254.42,371.02,294.0824,571.46,176.4
2026-04-02 17:00:00,255.03,371.3187,294.105,571.225,176.695
2026-04-02 17:15:00,255.335,371.58,294.33,572.385,176.78
2026-04-02 17:30:00,254.99,371.54,294.22,571.23,176.73
2026-04-02 17:45:00,254.61,370.8599,293.73,570.41,176.385
2026-04-02 18:00:00,255.13,371.31,293.94,571.91,176.7801
2026-04-02 18:15:00,255.145,371.0494,293.49,572.4422,176.54
2026-04-02 18:30:00,255.12,371.6097,293.695,573.145,177.0301
2026-04-02 18:45:00,255.28,371.36,293.67,572.93,176.845
2026-04-02 19:00:00,255.5159,371.2,293.975,574.14,177.295
2026-04-02 19:15:00,255.11,372.5799,293.3686,573.89,176.905
2026-04-02 19:30:00,254.99,372.27,293.47,573.83,176.9799
2026-04-02 19:45:00,255.89,373.5,294.46,574.61,177.4
2026-04-02 20:00:00,255.68,373.6,294.3,574.3,177.15
2026-04-02 20:15:00,255.55,373.88,294.89,574.7832,177.2
2026-04-02 20:30:00,255.4,373.77,294.55,575.02,177.08
2026-04-02 20:45:00,255.45,374.1305,294.7,574.8,177.05
2026-04-02 21:00:00,255.43,373.89,294.9,574.91,176.85
2026-04-02 21:15:00,255.3876,373.81,294.2966,574.81,176.86
2026-04-02 21:30:00,255.4,373.7,294.6901,574.61,176.9
2026-04-02 21:45:00,255.35,373.5001,294.67,574.4344,176.9
2026-04-02 22:00:00,255.43,373.07,294.38,574.7,176.87
2026-04-02 22:15:00,255.3999,373.2306,294.31,574.508,176.91
2026-04-02 22:30:00,255.17,373.4,294.41,574.7,176.81
2026-04-02 22:45:00,255.38,373.36,294.6,574.8,176.73
2026-04-02 23:00:00,255.24,373.2801,,574.58,176.73
2026-04-02 23:15:00,255.31,373.35,294.4,574.59,176.7499
2026-04-02 23:30:00,255.43,373.4435,294.49,574.4,176.79
2026-04-02 23:45:00,255.4487,373.3999,294.5,574.78,176.6999
2026-04-06 08:00:00,256.2,375.81,296.27,579.31,178.19
2026-04-06 08:15:00,256.38,376.38,296.8,580.96,178.67
2026-04-06 08:30:00,256.55,376.32,297.13,583.8,178.98
2026-04-06 08:45:00,256.49,376.15,297.04,581.51,178.87
2026-04-06 09:00:00,256.43,376.58,296.76,580.3,178.79
2026-04-06 09:15:00,256.35,376.35,297.0,581.25,178.93
2026-04-06 09:30:00,256.5,376.3,297.05,581.16,178.81
2026-04-06 09:45:00,256.41,375.94,296.8,580.7,178.325
2026-04-06 10:00:00,256.23,376.35,296.76,581.4386,178.32
2026-04-06 10:15:00,256.29,376.05,295.62,580.11,178.34
2026-04-06 10:30:00,256.28,376.05,296.21,581.6116,178.16
2026-04-06 10:45:00,255.75,375.5,295.75,581.2,177.78
2026-04-06 11:00:00,255.82,374.75,295.65,578.6,177.63
2026-04-06 11:15:00,256.0,374.74,295.45,579.6569,177.8461
2026-04-06 11:30:00,255.98,374.7,294.9,579.25,178.0104
2026-04-06 11:45:00,256.36,374.86,295.23,578.96,178.07
2026-04-06 12:00:00,256.19,374.76,295.01,580.0,178.04
2026-04-06 12:15:00,256.4657,374.86,294.8,579.7767,177.97
2026-04-06 12:30:00,256.24,374.9,295.07,579.9,177.75
2026-04-06 12:45:00,256.3543,374.61,294.8337,579.57,177.612
2026-04-06 13:00:00,256.18,374.71,294.81,579.51,177.6283
2026-04-06 13:15:00,256.36,373.39,294.6,577.6,177.13
2026-04-06 13:30:00,257.66,371.06,296.2,579.19,176.7095
2026-04-06 13:45:00,259.96,373.235,296.68,581.16,177.04
2026-04-06 14:00:00,260.1,372.75,296.2401,578.22,176.51
2026-04-06 14:15:00,261.76,372.65,296.78,577.13,176.78
2026-04-06 14:30:00,260.63,371.86,295.98,575.3475,176.4
2026-04-06 14:45:00,259.91,371.98,295.72,575.95,176.5801
2026-04-06 15:00:00,259.52,372.33,296.23,578.64,176.64
2026-04-06 15:15:00,259.25,371.37,295.6,576.83,176.4861
2026-04-06 15:30:00,259.13,371.41,295.81,577.89,177.025
2026-04-06 15:45:00,259.5101,371.6099,295.885,578.31,177.4401
2026-04-06 16:00:00,258.9501,371.5,296.235,578.67,177.16
2026-04-06 16:15:00,259.04,372.005,296.755,579.12,177.155
2026-04-06 16:30:00,259.415,372.6377,297.1,580.06,177.1999
2026-04-06 16:45:00,259.0,372.17,297.12,577.61,177.0
2026-04-06 17:00:00,258.22,371.0451,296.185,575.96,176.27
2026-04-06 17:15:00,258.78,372.265,297.225,577.0,176.935
2026-04-06 17:30:00,258.645,372.635,297.17,576.87,176.74
2026-04-06 17:45:00,258.18,371.64,296.84,575.76,176.595
2026-04-06 18:00:00,258.385,372.6621,297.3791,577.176,176.8599
2026-04-06 18:15:00,259.28,372.93,298.18,578.07,176.98
2026-04-06 18:30:00,259.015,372.465,298.085,577.485,177.085
2026-04-06 18:45:00,259.17,372.546,298.11,577.49,177.17
2026-04-06 19:00:00,258.635,372.63,298.145,577.63,177.26
2026-04-06 19:15:00,258.2499,372.41,297.87,576.83,177.2201
2026-04-06 19:30:00,258.78,372.52,297.43,574.045,177.25
2026-04-06 19:45:00,258.887,372.861,297.72,573.02,177.64
2026-04-06 20:00:00,258.85,372.47,297.46,573.21,177.48
2026-04-06 20:15:00,258.6935,372.57,297.41,573.54,177.48
2026-04-06 20:30:00,258.77,372.3955,297.4737,573.89,177.49
2026-04-06 20:45:00,258.71,372.283,297.43,573.99,177.48
2026-04-06 21:00:00,258.6217,372.69,297.7,573.9511,177.5
2026-04-06 21:15:00,258.54,372.425,298.36,573.8,177.3
2026-04-06 21:30:00,258.74,372.61,297.85,574.24,177.29
2026-04-06 21:45:00,258.4,372.58,297.79,574.07,177.27
2026-04-06 22:00:00,258.43,372.61,298.0,573.9805,177.2
2026-04-06 22:15:00,257.89,371.735,297.35,573.25,176.92
2026-04-06 22:30:00,257.87,371.52,297.1053,573.06,176.9735
2026-04-06 22:45:00,257.57,371.5,297.11,573.3,176.83
2026-04-06 23:00:00,257.9,371.62,297.05,573.11,176.95
2026-04-06 23:15:00,257.9,371.5,297.0801,573.11,176.83
2026-04-06 23:30:00,257.99,371.5,297.29,573.0,176.77
2026-04-06 23:45:00,257.9,371.26,297.15,572.5,176.73
2026-04-07 08:00:00,257.38,372.17,296.79,573.67,176.96
2026-04-07 08:15:00,257.29,372.4,299.0,572.5,177.15
2026-04-07 08:30:00,257.53,372.66,300.19,574.0,177.1
2026-04-07 08:45:00,257.36,372.39,300.14,573.99,177.0
2026-04-07 09:00:00,257.57,372.88,301.5,574.02,176.9
2026-04-07 09:15:00,257.47,374.43,301.56,576.454,176.93
2026-04-07 09:30:00,257.51,374.18,301.68,575.9,176.84
2026-04-07 09:45:00,257.45,374.0,301.58,575.4717,176.75
2026-04-07 10:00:00,257.19,373.57,300.34,574.42,176.64
2026-04-07 10:15:00,256.72,373.5,300.66,573.9,176.58
2026-04-07 10:30:00,256.51,372.74,299.44,572.88,175.81
2026-04-07 10:45:00,256.6,372.0,297.44,570.35,175.6
2026-04-07 11:00:00,256.32,371.81,298.22,570.39,175.69
2026-04-07 11:15:00,256.66,371.9,298.41,570.5,175.56
2026-04-07 11:30:00,256.5,371.73,298.2,570.06,175.61
2026-04-07 11:45:00,256.63,371.55,297.75,570.27,175.53
2026-04-07 12:00:00,256.28,371.0,297.0,568.72,174.9
2026-04-07 12:15:00,256.85,371.98,298.3,570.8,175.5
2026-04-07 12:30:00,256.33,371.31,298.18,570.0,175.337
2026-04-07 12:45:00,257.0,371.95,298.0651,569.57,175.09
2026-04-07 13:00:00,256.48,371.47,298.26,570.0,175.3928
2026-04-07 13:15:00,256.07,370.25,299.96,571.75,175.63
2026-04-07 13:30:00,250.26,370.565,299.55,570.931,176.405
2026-04-07 13:45:00,249.32,369.66,296.69,569.205,175.3399
2026-04-07 14:00:00,248.535,368.45,296.14,567.965,174.8699
2026-04-07 14:15:00,247.68,369.735,298.42,569.935,175.08
2026-04-07 14:30:00,247.33,369.08,298.285,567.345,174.75
2026-04-07 14:45:00,246.1899,367.375,298.005,566.48,174.26
2026-04-07 15:00:00,246.835,367.59,298.26,566.27,174.435
2026-04-07 15:15:00,247.8,368.115,298.88,566.68,175.0101
2026-04-07 15:30:00,247.785,368.25,298.5,566.265,174.88
2026-04-07 15:45:00,248.46,369.2301,299.89,567.16,175.225
2026-04-07 16:00:00,249.16,369.8,300.57,567.93,175.105
2026-04-07 16:15:00,250.17,370.71,301.05,569.005,175.41
2026-04-07 16:30:00,249.95,370.59,300.84,569.34,175.555
2026-04-07 16:45:00,250.03,370.719,300.68,568.97,175.535
2026-04-07 17:00:00,251.47,370.33,300.75,568.68,175.46
2026-04-07 17:15:00,251.585,370.3173,300.83,568.3,175.39
2026-04-07 17:30:00,251.64,370.91,301.405,569.835,175.53
2026-04-07 17:45:00,251.7,370.82,301.625,569.64,175.77
2026-04-07 18:00:00,251.67,370.6801,301.67,569.395,175.84
2026-04-07 18:15:00,251.33,370.2495,301.13,568.79,175.6996
2026-04-07 18:30:00,251.135,369.79,300.52,567.82,175.5099
2026-04-07 18:45:00,250.3999,368.92,299.8032,566.1,175.235
2026-04-07 19:00:00,251.135,369.275,299.88,566.9201,175.655
2026-04-07 19:15:00,251.955,370.85,300.83,569.27,176.29
2026-04-07 19:30:00,252.13,371.06,301.54,569.72,176.67
2026-04-07 19:45:00,253.49,372.27,303.89,574.91,178.095
2026-04-07 20:00:00,253.2487,372.73,304.3,574.5158,178.2
2026-04-07 20:15:00,253.04,373.0,304.3,574.5,177.9
2026-04-07 20:30:00,253.49,372.7248,304.77,576.0,178.23
2026-04-07 20:45:00,252.97,372.75,304.75,574.92,178.31
2026-04-07 21:00:00,253.3,372.71,304.99,575.31,178.38
2026-04-07 21:15:00,253.23,372.9379,304.56,575.6,178.31
2026-04-07 21:30:00,253.75,373.45,305.42,577.7,178.42
2026-04-07 21:45:00,253.8,373.55,305.66,578.5,178.67
2026-04-07 22:00:00,254.6179,375.27,308.08,582.3,179.74
2026-04-07 22:15:00,255.14,375.5,307.4928,583.0,179.5
2026-04-07 22:30:00,256.91,377.24,310.1318,589.75,181.31
2026-04-07 22:45:00,258.58,381.7,312.33,595.0,182.41
2026-04-07 23:00:00,258.4,380.98,312.9,596.674,182.37
2026-04-07 23:15:00,258.8839,382.4,313.88,597.0715,183.1097
2026-04-07 23:30:00,258.8318,381.42,312.37,596.3085,183.02
2026-04-07 23:45:00,259.12,381.2,312.75,596.75,183.2601
2026-04-08 08:00:00,259.13,384.6,315.9,600.78,184.03
2026-04-08 08:15:00,259.2,384.8112,316.2513,602.42,184.47
2026-04-08 08:30:00,258.74,384.42,315.95,601.21,184.51
2026-04-08 08:45:00,259.23,385.2329,316.87,602.45,184.72
2026-04-08 09:00:00,259.6,385.69,316.7,603.03,184.66
2026-04-08 09:15:00,259.23,385.6,316.51,603.27,184.76
2026-04-08 09:30:00,259.0,384.9998,316.12,602.2,184.49
2026-04-08 09:45:00,258.85,384.76,316.0,602.6,184.57
2026-04-08 10:00:00,258.75,384.69,315.8,603.4,184.68
2026-04-08 10:15:00,259.48,385.06,316.14,604.0,185.04
2026-04-08 10:30:00,259.5,385.47,316.01,604.27,185.09
2026-04-08 10:45:00,259.34,384.74,316.31,604.0,184.375
2026-04-08 11:00:00,259.56,384.0,315.8,603.02,184.4
2026-04-08 11:15:00,259.5,384.82,316.34,604.5988,184.4517
2026-04-08 11:30:00,259.01,384.77,316.26,604.51,184.6
2026-04-08 11:45:00,259.3,384.5122,316.5,604.78,184.3394
2026-04-08 12:00:00,259.2365,384.75,316.806,605.3,184.74
2026-04-08 12:15:00,258.813,384.2,316.45,604.2,184.48
2026-04-08 12:30:00,258.66,383.8103,316.1,604.16,184.2542
2026-04-08 12:45:00,258.9765,383.8083,316.5,604.47,184.58
2026-04-08 13:00:00,259.48,383.9,316.99,604.592,184.77
2026-04-08 13:15:00,258.31,384.95,317.85,605.82,184.49
2026-04-08 13:30:00,257.175,378.56,315.535,600.5,183.0201
2026-04-08 13:45:00,258.52,379.05,313.08,600.29,182.62
2026-04-08 14:00:00,258.85,378.58,313.53,597.435,181.79
2026-04-08 14:15:00,258.13,378.695,314.33,596.48,181.8
2026-04-08 14:30:00,258.295,378.84,314.3,595.58,181.05
2026-04-08 14:45:00,258.9,378.21,313.44,593.9299,180.885
2026-04-08 15:00:00,258.36,377.7697,314.025,593.64,181.26
2026-04-08 15:15:00,257.51,377.43,313.98,593.18,181.3
2026-04-08 15:30:00,258.0833,378.17,314.81,594.48,181.7298
2026-04-08 15:45:00,257.62,378.52,315.65,596.755,181.65
2026-04-08 16:00:00,257.52,378.34,315.37,609.09,181.72
2026-04-08 16:15:00,257.428,378.03,315.96,621.34,181.45
2026-04-08 16:30:00,258.32,378.51,316.575,623.785,181.595
2026-04-08 16:45:00,258.424,378.43,316.63,627.66,181.6
2026-04-08 17:00:00,258.4267,377.9,316.15,622.8,181.625
2026-04-08 17:15:00,257.51,376.76,315.62,622.41,181.445
2026-04-08 17:30:00,258.04,375.475,315.88,620.6,181.585
2026-04-08 17:45:00,257.7,375.73,315.88,618.52,181.74
2026-04-08 18:00:00,257.6097,375.35,316.48,618.41,182.085
2026-04-08 18:15:00,257.22,374.4,315.615,616.6141,181.7003
2026-04-08 18:30:00,257.21,373.2,315.0,614.41,181.645
2026-04-08 18:45:00,257.39,372.33,314.72,611.28,181.17
2026-04-08 19:00:00,257.72,372.543,315.38,612.715,181.9001
2026-04-08 19:15:00,257.2,371.47,314.495,610.19,181.705
2026-04-08 19:30:00,258.04,372.23,314.99,612.76,181.835
2026-04-08 19:45:00,258.91,374.3,314.79,612.69,182.12
2026-04-08 20:00:00,259.06,374.25,314.5,613.0,181.98
2026-04-08 20:15:00,258.75,373.8805,314.51,612.42,181.79
2026-04-08 20:30:00,258.85,373.65,314.64,613.21,181.6318
2026-04-08 20:45:00,258.7639,373.84,314.8,611.1374,181.74
2026-04-08 21:00:00,258.89,373.6,314.7376,611.56,181.6
2026-04-08 21:15:00,258.91,373.6,315.1003,613.0,181.52
2026-04-08 21:30:00,258.8902,373.85,314.5,613.0,181.6
2026-04-08 21:45:00,258.9,373.65,314.3,613.67,181.53
2026-04-08 22:00:00,258.55,373.845,314.5,613.8,181.36
2026-04-08 22:15:00,258.5,373.87,314.5301,614.0,181.2478
2026-04-08 22:30:00,258.3651,374.12,314.53,616.2827,181.15
2026-04-08 22:45:00,258.49,374.01,314.54,616.18,181.09
2026-04-08 23:00:00,258.6,374.18,314.55,615.9,181.1999
2026-04-08 23:15:00,258.5753,374.11,314.74,615.88,181.03
2026-04-08 23:30:00,258.7243,374.0025,314.75,616.2541,181.01
2026-04-08 23:45:00,258.66,374.0,314.6,616.0001,180.9499
2026-04-09 08:00:00,258.31,373.57,312.79,611.66,180.18
2026-04-09 08:15:00,258.28,374.1602,312.57,613.0,180.34
2026-04-09 08:30:00,258.41,374.3,313.0,616.08,180.7
2026-04-09 08:45:00,258.47,374.28,312.8,614.91,180.47
2026-04-09 09:00:00,258.5,374.57,312.81,615.77,180.63
2026-04-09 09:15:00,258.48,374.8,313.09,617.0,180.71
2026-04-09 09:30:00,258.33,374.8,313.06,617.97,180.79
2026-04-09 09:45:00,258.58,374.89,313.15,618.36,180.92
2026-04-09 10:00:00,258.48,374.7,312.82,618.2,180.625
2026-04-09 10:15:00,258.39,374.71,312.93,617.66,180.68
2026-04-09 10:30:00,258.6,374.96,313.3,617.0,180.7
2026-04-09 10:45:00,258.29,374.2,313.43,615.99,180.52
2026-04-09 11:00:00,257.9,374.31,313.01,617.0,180.94
2026-04-09 11:15:00,257.68,374.06,312.69,618.14,180.8
2026-04-09 11:30:00,257.88,374.33,313.2591,621.661,181.1
2026-04-09 11:45:00,257.64,374.5,313.6,623.5,181.27
2026-04-09 12:00:00,257.6,374.35,313.37,624.6655,181.22
2026-04-09 12:15:00,257.51,374.05,312.52,625.58,181.06
2026-04-09 12:30:00,257.9,374.0,312.65,623.0,181.22
2026-04-09 12:45:00,257.73,373.55,312.6,621.81,181.23
2026-04-09 13:00:00,257.8,373.0,312.85,622.25,180.74
2026-04-09 13:15:00,259.17,372.79,313.38,627.97,181.8
2026-04-09 13:30:00,257.975,369.785,311.71,630.234,181.87
2026-04-09 13:45:00,256.23,368.35,310.92,625.192,181.475
2026-04-09 14:00:00,257.725,368.255,311.34,624.46,181.88
2026-04-09 14:15:00,257.84,367.56,310.12,625.5475,181.62
2026-04-09 14:30:00,257.995,367.27,310.42,626.16,181.945
2026-04-09 14:45:00,257.65,368.13,311.5993,630.815,182.535
2026-04-09 15:00:00,257.69,368.73,312.63,630.5925,183.28
2026-04-09 15:15:00,257.53,368.87,313.245,629.6,182.835
2026-04-09 15:30:00,257.79,369.02,314.155,630.84,182.855
2026-04-09 15:45:00,258.685,370.24,315.375,634.18,183.42
2026-04-09 16:00:00,258.96,371.075,316.115,635.67,183.38
2026-04-09 16:15:00,259.12,371.31,316.42,634.995,183.535
2026-04-09 16:30:00,258.96,371.54,316.4,632.33,183.445
2026-04-09 16:45:00,259.44,371.9699,316.4,633.035,183.485
2026-04-09 17:00:00,259.9409,372.63,316.7099,633.16,183.74
2026-04-09 17:15:00,260.055,371.875,316.87,631.1,183.46
2026-04-09 17:30:00,260.0,372.3661,316.98,631.37,183.605
2026-04-09 17:45:00,259.945,371.8897,316.84,630.9,183.55
2026-04-09 18:00:00,259.92,369.735,316.3,628.04,183.335
2026-04-09 18:15:00,259.625,369.58,316.2125,628.13,183.1
2026-04-09 18:30:00,259.8,370.21,316.32,628.09,183.39
2026-04-09 18:45:00,259.87,370.49,316.32,627.805,183.47
2026-04-09 19:00:00,260.09,371.42,316.8,629.16,183.71
2026-04-09 19:15:00,260.06,372.27,316.39,629.1,183.65
2026-04-09 19:30:00,260.8,372.55,316.78,629.26,183.735
2026-04-09 19:45:00,260.39,373.01,316.32,628.25,183.86
2026-04-09 20:00:00,260.25,372.72,315.97,628.1914,183.6425
2026-04-09 20:15:00,260.0291,372.88,316.01,628.6964,183.5465
2026-04-09 20:30:00,260.14,373.2861,316.36,629.31,183.6899
2026-04-09 20:45:00,260.0,373.737,316.19,629.02,183.68
2026-04-09 21:00:00,259.72,373.5,315.76,628.2,183.52
2026-04-09 21:15:00,259.97,373.6,315.86,628.4426,183.5
2026-04-09 21:30:00,259.8,373.86,315.9,628.4957,183.55
2026-04-09 21:45:00,259.9,373.78,316.13,628.9988,183.52
2026-04-09 22:00:00,260.0,374.198,316.12,629.12,183.61
2026-04-09 22:15:00,259.56,373.6,316.19,628.6,183.42
2026-04-09 22:30:00,259.49,373.61,316.0,629.44,183.45
2026-04-09 22:45:00,259.74,373.3945,315.35,629.2,183.2
2026-04-09 23:00:00,,373.31,315.49,629.5,183.33
2026-04-09 23:15:00,259.7,373.2093,315.55,629.28,183.25
2026-04-09 23:30:00,259.74,373.2585,315.6743,629.07,183.16
2026-04-09 23:45:00,259.98,373.0,316.16,629.01,183.05
2026-04-10 08:00:00,259.88,374.69,315.51,629.75,183.09
2026-04-10 08:15:00,259.9,374.12,315.76,629.98,183.05
2026-04-10 08:30:00,259.91,374.75,315.78,630.54,182.85
2026-04-10 08:45:00,259.66,374.06,315.3583,629.72,182.61
2026-04-10 09:00:00,259.5,374.2,,629.82,182.99
2026-04-10 09:15:00,260.23,374.7,315.58,630.15,182.97
2026-04-10 09:30:00,260.15,374.68,316.04,629.86,182.7
2026-04-10 09:45:00,260.05,374.6628,316.3,630.96,182.81
2026-04-10 10:00:00,260.3,374.675,316.24,630.41,182.79
2026-04-10 10:15:00,260.4,375.04,316.4,631.2,183.1
2026-04-10 10:30:00,260.2,374.06,316.03,630.1,183.01
2026-04-10 10:45:00,260.44,374.4,316.33,631.33,183.11
2026-04-10 11:00:00,260.25,374.25,316.57,632.305,183.21
2026-04-10 11:15:00,259.81,374.055,317.16,632.26,183.3
2026-04-10 11:30:00,259.2,373.5,316.87,632.0197,183.6001
2026-04-10 11:45:00,258.8,373.3899,316.56,632.0,183.37
2026-04-10 12:00:00,258.8359,373.28,316.65,632.0,183.55
2026-04-10 12:15:00,259.01,374.0,316.71,633.2,183.6265
2026-04-10 12:30:00,259.1,374.2,317.29,635.82,183.89
2026-04-10 12:45:00,259.1,374.0485,317.25,635.3244,184.0499
2026-04-10 13:00:00,259.0,374.23,317.52,636.4999,184.3091
2026-04-10 13:15:00,259.96,372.97,317.74,634.31,184.38
2026-04-10 13:30:00,259.7,373.89,317.7,633.92,185.83
2026-04-10 13:45:00,260.359,372.981,317.423,632.175,187.0606
2026-04-10 14:00:00,261.57,373.86,317.33,632.17,187.25
2026-04-10 14:15:00,261.565,372.95,317.3,635.29,187.825
2026-04-10 14:30:00,261.63,373.205,316.38,632.6923,188.09
2026-04-10 14:45:00,261.74,372.255,317.05,632.11,188.895
2026-04-10 15:00:00,261.655,372.68,317.21,631.71,189.07
2026-04-10 15:15:00,261.29,372.18,316.3666,630.38,189.48
2026-04-10 15:30:00,261.5009,371.0053,316.5,627.015,188.855
2026-04-10 15:45:00,260.88,370.74,315.49,625.995,188.435
2026-04-10 16:00:00,260.89,371.7506,315.86,626.2,188.625
2026-04-10 16:15:00,260.5351,372.19,315.7,627.94,188.46
2026-04-10 16:30:00,259.8999,371.05,315.18,626.135,188.145
2026-04-10 16:45:00,260.26,371.44,315.39,628.0,188.515
2026-04-10 17:00:00,259.665,371.35,315.16,627.46,188.455
2026-04-10 17:15:00,259.24,370.92,314.949,627.01,188.1471
2026-04-10 17:30:00,259.36,371.0201,315.07,627.36,188.5
2026-04-10 17:45:00,259.695,371.16,315.025,627.23,188.67
2026-04-10 18:00:00,259.56,370.4551,314.92,625.1432,188.595
2026-04-10 18:15:00,260.12,370.36,315.09,625.135,188.585
2026-04-10 18:30:00,260.09,370.35,315.255,624.9,188.635
2026-04-10 18:45:00,259.73,371.01,315.09,625.615,188.7799
2026-04-10 19:00:00,259.88,371.54,315.502,627.195,189.43
2026-04-10 19:15:00,259.72,371.48,315.57,627.61,189.39
2026-04-10 19:30:00,259.64,371.3194,315.735,629.055,188.925
2026-04-10 19:45:00,260.38,370.87,315.73,629.89,188.64
2026-04-10 20:00:00,260.6,370.7,315.8,629.8,188.52
2026-04-10 20:15:00,260.6,370.95,315.55,630.12,188.7
2026-04-10 20:30:00,260.7,371.2,315.8412,630.09,188.67
2026-04-10 20:45:00,260.99,371.43,316.12,630.14,188.74
2026-04-10 21:00:00,260.56,371.22,315.97,630.12,188.5191
2026-04-10 21:15:00,260.6101,371.3,316.0,630.2722,188.51
2026-04-10 21:30:00,260.6,371.22,315.98,630.2,188.45
2026-04-10 21:45:00,260.59,371.17,315.99,630.1,188.4
2026-04-10 22:00:00,260.55,371.19,315.98,629.75,188.26
2026-04-10 22:15:00,260.5117,371.41,315.72,629.91,188.27
2026-04-10 22:30:00,260.67,371.4183,315.98,629.6,188.2099
2026-04-10 22:45:00,260.6818,371.45,315.8015,629.7,188.18
2026-04-10 23:00:00,260.5796,371.35,315.84,629.65,188.18
2026-04-10 23:15:00,260.6788,371.5699,315.98,629.6526,188.17
2026-04-10 23:30:00,260.68,371.56,315.83,629.75,188.25
2026-04-10 23:45:00,261.0,371.6999,316.3,630.85,188.37
2026-04-13 08:00:00,259.36,369.69,312.84,622.38,185.965
2026-04-13 08:15:00,259.32,369.7,312.74,622.4,186.0
2026-04-13 08:30:00,259.0,369.4,312.18,621.35,186.06
2026-04-13 08:45:00,259.09,369.5,312.2,620.0,186.31
2026-04-13 09:00:00,259.15,369.57,312.43,621.0,186.335
2026-04-13 09:15:00,259.0,369.75,312.44,620.98,186.56
2026-04-13 09:30:00,258.91,369.48,312.45,622.13,186.42
2026-04-13 09:45:00,,369.27,312.57,621.36,186.27
2026-04-13 10:00:00,258.75,369.51,312.65,621.7764,186.18
2026-04-13 10:15:00,258.84,369.3,312.37,621.6,186.21
2026-04-13 10:30:00,259.0403,369.6,312.07,622.99,186.27
2026-04-13 10:45:00,259.23,370.38,313.04,624.0,186.57
2026-04-13 11:00:00,259.23,370.0652,313.02,624.0075,186.56
2026-04-13 11:15:00,259.1,369.9212,312.39,623.3,186.1949
2026-04-13 11:30:00,259.09,369.62,311.92,622.6706,186.02
2026-04-13 11:45:00,259.05,369.54,311.46,622.0802,185.68
2026-04-13 12:00:00,258.97,369.85,311.8,622.7,185.78
2026-04-13 12:15:00,259.17,369.95,312.37,623.4106,185.7371
2026-04-13 12:30:00,259.55,368.6221,312.8,624.0,185.86
2026-04-13 12:45:00,259.59,369.9,313.09,624.87,185.9674
2026-04-13 13:00:00,259.5,373.1,314.41,626.8388,185.98
2026-04-13 13:15:00,259.54,373.75,315.34,630.17,186.02
2026-04-13 13:30:00,257.895,371.53,314.88,626.08,186.235
2026-04-13 13:45:00,257.58,374.46,316.77,630.21,188.025
2026-04-13 14:00:00,257.915,375.775,317.02,628.74,187.89
2026-04-13 14:15:00,257.32,377.48,316.15,626.965,188.4199
2026-04-13 14:30:00,257.49,376.81,316.8,626.51,188.895
2026-04-13 14:45:00,257.805,379.32,316.75,627.695,189.36
2026-04-13 15:00:00,257.685,378.45,316.8851,626.425,189.4795
2026-04-13 15:15:00,257.71,380.39,316.95,625.945,188.6108
2026-04-13 15:30:00,257.115,380.525,316.9304,628.095,188.335
2026-04-13 15:45:00,257.02,379.875,316.7999,627.36,188.257
2026-04-13 16:00:00,256.99,380.135,316.07,627.12,188.1495
2026-04-13 16:15:00,257.78,381.41,317.22,629.33,188.4451
2026-04-13 16:30:00,257.99,380.56,317.47,629.48,188.205
2026-04-13 16:45:00,257.845,381.095,317.7601,629.915,188.345
2026-04-13 17:00:00,257.89,381.58,317.3951,629.91,188.28
2026-04-13 17:15:00,257.865,381.69,317.72,629.98,188.205
2026-04-13 17:30:00,257.67,381.57,317.465,630.12,188.195
2026-04-13 17:45:00,257.585,381.965,317.285,630.295,188.095
2026-04-13 18:00:00,257.8901,382.14,317.25,631.1,188.085
2026-04-13 18:15:00,257.88,381.815,317.385,631.265,188.0199
2026-04-13 18:30:00,258.365,381.94,317.69,632.025,188.2191
2026-04-13 18:45:00,258.38,382.53,318.15,632.64,188.545
2026-04-13 19:00:00,258.01,381.98,318.17,632.24,188.6184
2026-04-13 19:15:00,257.85,382.35,318.353,632.25,188.705
2026-04-13 19:30:00,257.8,382.64,318.6301,633.49,188.6899
2026-04-13 19:45:00,259.21,384.37,319.22,634.52,189.21
2026-04-13 20:00:00,259.12,384.73,319.19,634.65,189.27
2026-04-13 20:15:00,258.94,384.63,319.21,635.1596,189.2
2026-04-13 20:30:00,259.2,384.3,319.39,635.0,189.2
2026-04-13 20:45:00,259.33,384.56,319.23,635.31,189.0
2026-04-13 21:00:00,259.1,384.9599,319.14,635.23,188.82
2026-04-13 21:15:00,259.01,384.55,319.27,635.19,189.14
2026-04-13 21:30:00,259.0802,384.84,319.2169,635.5,189.06
2026-04-13 21:45:00,259.1883,385.43,319.33,635.55,189.04
2026-04-13 22:00:00,259.15,386.1,319.31,635.95,189.09
2026-04-13 22:15:00,259.2,386.25,319.3,637.595,189.04
2026-04-13 22:30:00,259.2,386.2999,319.3,637.92,189.12
2026-04-13 22:45:00,259.19,386.55,319.39,638.0,189.26
2026-04-13 23:00:00,259.35,387.19,319.42,638.49,189.3001
2026-04-13 23:15:00,259.3,387.0,319.43,638.3,189.2061
2026-04-13 23:30:00,259.2699,387.34,319.4298,637.6,189.18
2026-04-13 23:45:00,259.27,386.78,319.38,638.23,189.05
2026-04-14 08:00:00,259.07,387.84,320.6,637.69,189.94
2026-04-14 08:15:00,258.85,388.0,321.22,638.15,189.87
2026-04-14 08:30:00,259.0,388.48,321.1,638.38,189.9
2026-04-14 08:45:00,258.7,389.32,321.15,638.31,189.94
2026-04-14 09:00:00,258.9126,389.41,321.54,638.7,189.97
2026-04-14 09:15:00,259.15,388.66,321.9,638.64,189.88
2026-04-14 09:30:00,259.23,388.43,321.79,638.83,189.76
2026-04-14 09:45:00,259.22,388.93,321.69,639.34,189.79
2026-04-14 10:00:00,259.18,389.21,322.33,640.3,189.759
2026-04-14 10:15:00,259.19,388.7,321.86,640.03,189.7
2026-04-14 10:30:00,259.18,388.18,321.6,638.6,189.6
2026-04-14 10:45:00,259.27,387.95,321.64,638.43,189.46
2026-04-14 11:00:00,258.9,388.0,321.46,640.2,190.47
2026-04-14 11:15:00,259.05,389.05,321.59,642.22,190.55
2026-04-14 11:30:00,258.9105,388.7,321.68,642.27,190.585
2026-04-14 11:45:00,259.19,388.89,321.78,642.5,190.5175
2026-04-14 12:00:00,259.1,389.02,322.22,642.01,190.59
2026-04-14 12:15:00,259.78,388.87,322.24,641.73,190.7
2026-04-14 12:30:00,259.6175,389.58,322.19,642.06,190.35
2026-04-14 12:45:00,259.85,390.7,322.3983,642.13,190.41
2026-04-14 13:00:00,259.499,391.5,322.98,642.15,190.4106
2026-04-14 13:15:00,259.19,387.94,322.09,643.0,190.92
2026-04-14 13:30:00,261.52,392.73,323.26,647.81,192.2801
2026-04-14 13:45:00,259.43,390.015,324.065,649.07,192.24
2026-04-14 14:00:00,260.27,390.965,325.175,650.64,192.427
2026-04-14 14:15:00,259.33,392.5538,325.76,653.6456,192.86
2026-04-14 14:30:00,258.24,392.06,325.47,657.74,193.1099
2026-04-14 14:45:00,257.835,391.66,326.16,658.045,193.32
2026-04-14 15:00:00,257.64,390.45,326.8801,658.15,193.12
2026-04-14 15:15:00,258.0554,391.6401,328.3901,660.265,193.445
2026-04-14 15:30:00,258.2375,393.07,329.93,663.365,193.875
2026-04-14 15:45:00,257.73,393.6,329.52,663.38,194.025
2026-04-14 16:00:00,257.395,393.725,330.05,663.18,194.545
2026-04-14 16:15:00,257.7,394.33,330.14,664.93,194.7999
2026-04-14 16:30:00,258.72,393.75,329.63,663.79,194.7
2026-04-14 16:45:00,259.31,394.35,330.15,662.12,194.565
2026-04-14 17:00:00,259.36,394.09,330.03,661.8,194.625
2026-04-14 17:15:00,258.66,394.155,330.16,661.855,194.725
2026-04-14 17:30:00,258.2678,394.5788,330.185,664.29,194.79
2026-04-14 17:45:00,258.4,392.875,329.99,665.67,194.7801
2026-04-14 18:00:00,258.785,391.36,329.715,662.42,194.855
2026-04-14 18:15:00,258.78,391.27,329.07,660.18,194.58
2026-04-14 18:30:00,258.1999,391.54,329.17,661.12,194.71
2026-04-14 18:45:00,258.005,391.24,329.1,660.92,194.937
2026-04-14 19:00:00,258.23,392.03,329.36,661.98,196.11
2026-04-14 19:15:00,258.325,392.285,329.615,661.435,196.2051
2026-04-14 19:30:00,258.525,392.51,330.03,660.735,195.9399
2026-04-14 19:45:00,258.855,393.11,330.58,662.55,196.49
2026-04-14 20:00:00,258.65,392.4,330.31,662.99,196.78
2026-04-14 20:15:00,258.64,392.13,330.11,662.98,196.55
2026-04-14 20:30:00,258.6,392.75,330.1603,662.25,196.4
2026-04-14 20:45:00,258.57,393.3,330.25,661.9,196.3601
2026-04-14 21:00:00,258.5843,392.95,330.49,662.84,195.87
2026-04-14 21:15:00,258.7,393.2,330.52,662.61,196.06
2026-04-14 21:30:00,258.79,393.4,330.49,663.22,195.9239
2026-04-14 21:45:00,258.71,393.2995,330.39,663.5,195.8079
2026-04-14 22:00:00,258.73,393.29,330.53,664.4,196.04
2026-04-14 22:15:00,258.5993,393.37,330.38,666.88,195.8272
2026-04-14 22:30:00,258.6,393.8,330.43,667.39,195.88
2026-04-14 22:45:00,258.6,393.6,330.37,667.19,195.83
2026-04-14 23:00:00,258.6,393.69,330.5,666.0,195.9087
2026-04-14 23:15:00,258.65,393.93,330.6,666.5,195.9199
2026-04-14 23:30:00,258.7231,394.66,330.9001,666.5029,196.14
2026-04-14 23:45:00,258.6001,394.3999,331.13,665.8,196.25
2026-04-15 08:00:00,258.83,396.0,329.78,662.5,195.96
2026-04-15 08:15:00,258.96,396.0,329.71,663.01,196.15
2026-04-15 08:30:00,258.96,396.37,329.87,663.39,196.14
2026-04-15 08:45:00,258.99,396.5,329.99,663.62,196.0
2026-04-15 09:00:00,258.8,396.4429,329.61,661.69,195.74
2026-04-15 09:15:00,258.75,396.28,329.2,661.88,195.49
2026-04-15 09:30:00,258.85,396.25,329.0981,662.15,195.04
2026-04-15 09:45:00,258.82,396.1,329.49,662.17,195.04
2026-04-15 10:00:00,258.89,396.81,329.38,663.61,195.28
2026-04-15 10:15:00,258.62,395.6,328.82,661.0,195.01
2026-04-15 10:30:00,258.78,396.15,329.08,660.0,195.29
2026-04-15 10:45:00,258.8,395.29,329.55,660.25,195.73
2026-04-15 11:00:00,258.9,395.8,329.85,662.8334,196.5074
2026-04-15 11:15:00,258.83,395.98,329.71,663.66,196.07
2026-04-15 11:30:00,258.57,396.1629,329.9238,663.59,196.05
2026-04-15 11:45:00,258.37,396.71,330.05,665.3,196.0804
2026-04-15 12:00:00,258.34,396.0,329.6087,664.2431,195.5
2026-04-15 12:15:00,258.38,396.7488,329.59,664.5524,195.45
2026-04-15 12:30:00,258.3981,396.8,329.97,666.3096,195.66
2026-04-15 12:45:00,258.37,397.26,329.88,665.64,195.6
2026-04-15 13:00:00,258.1281,396.55,330.3,665.01,195.64
2026-04-15 13:15:00,258.09,397.69,330.7,666.89,196.56
2026-04-15 13:30:00,258.545,402.07,328.77,664.35,196.89
2026-04-15 13:45:00,258.66,402.67,330.355,671.5,198.53
2026-04-15 14:00:00,260.1599,405.7777,330.3401,672.35,198.88
2026-04-15 14:15:00,260.68,406.09,331.925,674.755,199.24
2026-04-15 14:30:00,261.29,405.77,331.23,673.18,199.2205
2026-04-15 14:45:00,262.945,407.69,331.23,674.025,199.36
2026-04-15 15:00:00,263.48,407.28,330.6099,672.62,199.72
2026-04-15 15:15:00,263.17,407.91,330.3,673.63,199.81
2026-04-15 15:30:00,263.67,406.835,330.695,674.6399,199.865
2026-04-15 15:45:00,264.395,407.2,330.61,674.87,199.685
2026-04-15 16:00:00,265.3,407.965,331.52,676.73,199.515
2026-04-15 16:15:00,264.579,409.18,332.3,676.71,199.125
2026-04-15 16:30:00,264.785,407.885,331.72,673.425,197.78
2026-04-15 16:45:00,265.455,407.995,331.625,673.71,197.07
2026-04-15 17:00:00,265.585,408.33,331.81,673.6801,197.285
2026-04-15 17:15:00,264.945,409.735,332.535,674.29,196.96
2026-04-15 17:30:00,264.82,409.785,332.6001,672.71,196.8
2026-04-15 17:45:00,264.4,410.035,332.74,671.14,196.24
2026-04-15 18:00:00,265.03,411.575,332.995,673.285,196.8301
2026-04-15 18:15:00,265.181,412.42,332.535,672.6,196.9699
2026-04-15 18:30:00,265.59,412.85,333.59,674.185,197.305
2026-04-15 18:45:00,265.6401,413.81,334.3,674.685,197.315
2026-04-15 19:00:00,265.445,413.32,333.16,672.6,197.56
2026-04-15 19:15:00,265.36,413.22,333.13,672.59,198.24
2026-04-15 19:30:00,265.74,412.245,333.45,673.065,198.23
2026-04-15 19:45:00,266.37,411.2728,334.42,671.56,198.8678
2026-04-15 20:00:00,266.15,410.46,334.02,670.3,198.2715
2026-04-15 20:15:00,266.13,410.84,333.8334,671.2,198.34
2026-04-15 20:30:00,266.12,411.29,333.78,672.0364,198.1
2026-04-15 20:45:00,266.43,411.5,333.7763,672.72,198.3
2026-04-15 21:00:00,266.55,412.3,334.13,672.55,198.34
2026-04-15 21:15:00,266.6,412.8383,333.95,672.48,198.37
2026-04-15 21:30:00,266.5,413.11,333.85,672.51,198.22
2026-04-15 21:45:00,266.52,413.0,333.96,672.72,198.21
2026-04-15 22:00:00,266.48,412.79,334.13,673.17,198.2526
2026-04-15 22:15:00,266.49,412.9999,334.261,673.44,198.23
2026-04-15 22:30:00,266.62,413.89,334.26,674.0,198.34
2026-04-15 22:45:00,266.57,413.9008,334.3,673.97,198.41
2026-04-15 23:00:00,266.55,413.586,334.5,673.5,198.44
2026-04-15 23:15:00,266.5,413.98,334.5,673.6199,198.38
2026-04-15 23:30:00,266.7344,414.6903,334.47,673.8001,198.4701
2026-04-15 23:45:00,266.9,415.98,335.1028,674.01,198.5
2026-04-16 08:00:00,265.93,417.92,334.84,674.95,199.38
2026-04-16 08:15:00,266.25,418.0,334.9803,674.01,199.53
2026-04-16 08:30:00,266.2,418.12,334.94,673.48,199.6
2026-04-16 08:45:00,266.5,418.05,335.08,674.5,199.6664
2026-04-16 09:00:00,266.25,419.1,335.01,675.78,199.77
2026-04-16 09:15:00,266.25,419.0,334.85,675.6692,199.59
2026-04-16 09:30:00,266.5,418.95,334.9,675.23,199.7145
2026-04-16 09:45:00,266.54,418.37,334.87,675.25,199.6
2026-04-16 10:00:00,266.6,418.1,334.88,675.9,199.32
2026-04-16 10:15:00,266.32,417.85,334.36,675.25,198.89
2026-04-16 10:30:00,267.5,417.11,333.8,674.6,197.49
2026-04-16 10:45:00,267.65,416.5,333.91,674.52,197.76
2026-04-16 11:00:00,268.09,417.1893,333.79,675.74,198.07
2026-04-16 11:15:00,268.27,416.4,333.49,675.3,198.02
2026-04-16 11:30:00,268.46,416.7155,333.6462,676.163,197.68
2026-04-16 11:45:00,268.55,417.8,333.82,676.7,197.905
2026-04-16 12:00:00,267.85,418.1,333.3952,677.0,197.77
2026-04-16 12:15:00,267.99,418.2,334.0,676.6793,197.7763
2026-04-16 12:30:00,268.1675,417.6065,334.04,676.71,197.725
2026-04-16 12:45:00,267.6843,416.97,334.1169,675.8,197.6799
2026-04-16 13:00:00,267.5,417.31,335.65,675.01,197.73
2026-04-16 13:15:00,266.42,419.79,335.98,675.58,197.48
2026-04-16 13:30:00,262.969,417.35,334.47,675.11,197.12
2026-04-16 13:45:00,262.34,413.32,333.4,670.25,196.7298
2026-04-16 14:00:00,262.335,413.91,334.4601,671.54,197.38
2026-04-16 14:15:00,262.06,414.89,334.065,670.02,197.37
2026-04-16 14:30:00,262.1701,415.37,334.865,673.415,197.845
2026-04-16 14:45:00,261.87,414.88,334.387,671.925,198.675
2026-04-16 15:00:00,262.47,416.09,335.11,673.95,199.33
2026-04-16 15:15:00,262.24,416.57,333.9,673.23,199.01
2026-04-16 15:30:00,262.97,417.74,334.365,674.38,199.12
2026-04-16 15:45:00,263.5101,419.43,334.86,676.05,198.9599
2026-04-16 16:00:00,264.2,419.83,335.6,676.8473,198.973
2026-04-16 16:15:00,264.0801,419.32,335.24,675.94,198.62
2026-04-16 16:30:00,264.0,419.56,334.93,674.9699,198.5301
2026-04-16 16:45:00,263.205,418.745,334.83,674.4,198.355
2026-04-16 17:00:00,263.4,418.085,333.985,674.0389,197.91
2026-04-16 17:15:00,263.52,419.085,333.35,674.49,198.415
2026-04-16 17:30:00,263.635,419.953,333.645,676.267,198.695
2026-04-16 17:45:00,263.81,419.52,332.495,674.7514,198.2099
2026-04-16 18:00:00,263.85,418.21,332.56,674.2,197.945
2026-04-16 18:15:00,263.58,417.5,332.1532,672.59,197.495
2026-04-16 18:30:00,264.07,419.35,332.435,674.4201,198.23
2026-04-16 18:45:00,264.3699,419.1953,332.39,674.405,198.115
2026-04-16 19:00:00,264.23,418.03,332.2,673.39,198.23
2026-04-16 19:15:00,263.63,418.35,332.2,673.5,198.12
2026-04-16 19:30:00,263.77,420.0325,332.6,675.2,198.29
2026-04-16 19:45:00,263.36,420.045,332.68,676.81,198.24
2026-04-16 20:00:00,263.6243,419.9,333.09,677.12,197.95
2026-04-16 20:15:00,263.64,419.8,333.01,676.5,197.95
2026-04-16 20:30:00,263.65,419.8801,333.26,676.64,197.96
2026-04-16 20:45:00,263.66,420.051,333.38,676.25,197.97
2026-04-16 21:00:00,263.8,419.8317,333.4,676.42,197.71
2026-04-16 21:15:00,263.73,419.6,333.4193,676.3,197.75
2026-04-16 21:30:00,263.88,419.8,333.4,676.5,197.78
2026-04-16 21:45:00,263.8,419.45,333.24,676.1,197.66
2026-04-16 22:00:00,263.9996,420.01,333.42,677.5,198.0
2026-04-16 22:15:00,264.12,420.42,333.42,677.41,198.0
2026-04-16 22:30:00,264.18,420.36,333.5,677.3225,197.99
2026-04-16 22:45:00,264.1,420.7,333.18,677.38,197.8901
2026-04-16 23:00:00,263.97,420.79,333.3404,677.5,197.86
2026-04-16 23:15:00,264.1,420.72,333.11,677.22,197.85
2026-04-16 23:30:00,264.0001,420.64,333.33,677.32,197.9761
2026-04-16 23:45:00,264.0715,420.94,333.3101,677.4637,197.9
2026-04-17 08:00:00,264.51,422.4,333.33,677.75,198.11
2026-04-17 08:15:00,264.56,423.5,333.5,678.0,198.39
2026-04-17 08:30:00,264.77,424.12,333.7,678.89,198.37
2026-04-17 08:45:00,265.0,424.38,333.8,679.44,198.62
2026-04-17 09:00:00,264.96,423.79,334.01,679.85,198.47
2026-04-17 09:15:00,265.02,424.31,333.81,679.18,198.56
2026-04-17 09:30:00,265.0,424.32,333.81,678.85,198.54
2026-04-17 09:45:00,265.8274,424.7,333.81,679.0,198.73
2026-04-17 10:00:00,265.44,424.94,333.75,678.7,198.92
2026-04-17 10:15:00,265.39,424.22,333.81,678.48,198.74
2026-04-17 10:30:00,264.29,423.95,333.46,677.7,198.57
2026-04-17 10:45:00,264.43,423.65,333.38,678.5,198.595
2026-04-17 11:00:00,264.6,424.6309,332.9688,678.8,198.78
2026-04-17 11:15:00,265.96,424.7844,332.8,678.6574,198.76
2026-04-17 11:30:00,267.4975,424.9,332.8,677.61,198.9
2026-04-17 11:45:00,266.8,425.9,332.8,678.0,198.8
2026-04-17 12:00:00,267.725,426.3,332.86,678.59,198.96
2026-04-17 12:15:00,267.4766,425.8982,333.13,678.74,199.4
2026-04-17 12:30:00,267.36,425.8755,333.44,678.4936,199.09
2026-04-17 12:45:00,267.8521,426.99,335.33,679.45,200.64
2026-04-17 13:00:00,267.95,426.8853,336.05,681.2,201.52
2026-04-17 13:15:00,267.05,424.67,334.47,678.46,199.83
2026-04-17 13:30:00,267.94,425.86,334.8396,685.01,200.4699
2026-04-17 13:45:00,268.985,424.73,334.15,684.855,201.15
2026-04-17 14:00:00,269.06,424.69,334.91,686.84,201.46
2026-04-17 14:15:00,268.585,425.845,334.45,682.51,200.375
2026-04-17 14:30:00,269.75,428.13,334.61,686.07,200.625
2026-04-17 14:45:00,270.25,430.05,334.39,686.22,200.28
2026-04-17 15:00:00,271.585,429.77,334.345,683.52,200.73
2026-04-17 15:15:00,271.94,430.32,335.53,683.7,200.635
2026-04-17 15:30:00,271.43,428.42,335.45,683.1801,200.91
2026-04-17 15:45:00,270.97,428.18,335.24,683.2838,200.405
2026-04-17 16:00:00,271.31,428.4657,336.13,684.82,200.9001
2026-04-17 16:15:00,271.55,428.61,336.34,684.4499,200.69
2026-04-17 16:30:00,271.58,428.81,337.02,685.865,200.59
2026-04-17 16:45:00,270.97,427.05,336.76,686.24,200.735
2026-04-17 17:00:00,271.05,425.6,337.475,685.48,200.3201
2026-04-17 17:15:00,270.58,423.86,337.26,683.25,199.88
2026-04-17 17:30:00,270.44,424.83,337.45,685.0437,200.32
2026-04-17 17:45:00,270.25,424.55,338.1908,684.275,200.3102
2026-04-17 18:00:00,270.02,423.1099,338.185,682.72,200.4401
2026-04-17 18:15:00,270.19,420.93,339.21,683.39,200.64
2026-04-17 18:30:00,270.615,421.985,339.11,684.38,200.95
2026-04-17 18:45:00,270.12,421.67,339.46,684.11,200.86
2026-04-17 19:00:00,269.625,421.615,339.07,683.55,200.9
2026-04-17 19:15:00,269.705,422.645,338.93,684.371,201.26
2026-04-17 19:30:00,270.48,422.96,339.91,689.18,201.38
2026-04-17 19:45:00,270.185,422.65,339.28,688.66,201.67
2026-04-17 20:00:00,270.23,422.8,338.9,688.8,201.4217
2026-04-17 20:15:00,270.28,422.47,338.8033,688.12,201.3
2026-04-17 20:30:00,270.1001,422.42,338.8001,688.47,201.33
2026-04-17 20:45:00,270.16,422.47,339.14,688.18,201.4
2026-04-17 21:00:00,270.03,422.51,338.75,687.53,201.31
2026-04-17 21:15:00,270.17,422.7,338.72,687.88,201.19
2026-04-17 21:30:00,270.0909,422.59,338.73,687.91,201.29
2026-04-17 21:45:00,270.22,422.5003,338.7414,687.1889,201.26
2026-04-17 22:00:00,270.5,422.58,339.0,687.57,201.21
2026-04-17 22:15:00,270.75,422.56,338.69,687.27,201.15
2026-04-17 22:30:00,270.4,422.56,338.2988,686.58,201.04
2026-04-17 22:45:00,270.3873,422.51,338.65,686.5,201.12
2026-04-17 23:00:00,270.5,422.51,338.47,686.87,200.94
2026-04-17 23:15:00,270.46,422.5,338.6,686.7,200.9599
2026-04-17 23:30:00,270.5167,422.45,338.53,686.82,201.0
2026-04-17 23:45:00,270.75,422.34,338.5625,686.9653,200.98
2026-04-20 08:00:00,270.02,417.8,335.65,680.0,198.92
2026-04-20 08:15:00,270.24,417.9,335.98,680.0,199.13
2026-04-20 08:30:00,270.04,417.63,335.97,680.49,199.12
2026-04-20 08:45:00,270.24,418.04,336.43,681.32,199.01
2026-04-20 09:00:00,270.31,418.55,336.39,681.01,199.3
2026-04-20 09:15:00,270.4844,418.6,336.1195,681.41,199.2
2026-04-20 09:30:00,270.37,418.77,336.06,681.65,199.3
2026-04-20 09:45:00,270.53,418.5,336.13,681.43,199.0
2026-04-20 10:00:00,271.16,419.2,336.39,682.5,199.31
2026-04-20 10:15:00,270.75,419.06,336.39,681.56,199.482
2026-04-20 10:30:00,270.763,418.71,336.0,681.62,199.35
2026-04-20 10:45:00,270.45,419.1,336.38,681.8,199.43
2026-04-20 11:00:00,270.6,418.6111,336.05,681.3,199.79
2026-04-20 11:15:00,270.67,418.88,335.96,681.5,199.55
2026-04-20 11:30:00,270.09,419.7,336.5875,681.8,199.7808
2026-04-20 11:45:00,270.32,419.76,336.89,682.6254,199.63
2026-04-20 12:00:00,270.23,419.8229,336.8639,682.26,199.8461
2026-04-20 12:15:00,270.1,420.0,336.75,682.1,199.8
2026-04-20 12:30:00,270.1,419.99,337.5,683.2,199.89
2026-04-20 12:45:00,270.01,420.63,337.3747,683.24,200.3199
2026-04-20 13:00:00,269.9847,421.3707,338.2289,684.56,200.18
2026-04-20 13:15:00,270.3,421.22,338.43,681.02,199.98
2026-04-20 13:30:00,272.45,417.36,337.03,676.71,199.8608
2026-04-20 13:45:00,273.922,420.53,338.159,677.52,200.25
2026-04-20 14:00:00,273.4801,421.0701,337.69,676.8,199.585
2026-04-20 14:15:00,273.38,419.5,337.66,676.0824,199.13
2026-04-20 14:30:00,272.665,418.36,337.155,673.41,199.065
2026-04-20 14:45:00,272.4,418.1,336.61,670.21,198.55
2026-04-20 15:00:00,271.97,417.5,335.2,671.1099,198.43
2026-04-20 15:15:00,272.88,418.15,336.88,673.57,199.27
2026-04-20 15:30:00,272.365,417.17,336.26,673.455,198.785
2026-04-20 15:45:00,272.7791,417.475,336.15,672.84,198.645
2026-04-20 16:00:00,272.27,418.28,336.725,673.5,199.12
2026-04-20 16:15:00,272.57,418.85,336.58,672.825,199.185
2026-04-20 16:30:00,272.825,419.335,337.12,673.025,199.4299
2026-04-20 16:45:00,272.35,418.8,336.82,671.785,199.29
2026-04-20 17:00:00,272.311,419.38,336.43,672.895,199.585
2026-04-20 17:15:00,272.19,419.1601,336.22,672.65,199.53
2026-04-20 17:30:00,272.555,418.67,336.65,672.255,199.945
2026-04-20 17:45:00,272.96,418.37,336.2381,671.2,199.945
2026-04-20 18:00:00,273.495,418.37,336.48,672.57,200.305
2026-04-20 18:15:00,273.47,418.62,336.29,672.645,200.595
2026-04-20 18:30:00,273.075,417.51,336.47,671.7601,200.895
2026-04-20 18:45:00,272.99,416.99,336.31,670.82,200.785
2026-04-20 19:00:00,273.135,417.33,336.55,670.735,201.105
2026-04-20 19:15:00,272.69,417.33,336.31,670.7075,201.13
2026-04-20 19:30:00,272.545,417.1,335.6,671.3192,201.605
2026-04-20 19:45:00,272.93,418.08,335.41,670.95,202.12
2026-04-20 20:00:00,273.0016,417.7,335.5,671.4,202.19
2026-04-20 20:15:00,272.91,417.35,335.4,671.3014,201.9461
2026-04-20 20:30:00,271.0,417.21,335.95,672.36,202.08
2026-04-20 20:45:00,270.75,417.46,335.58,670.5,201.93
2026-04-20 21:00:00,270.61,417.6001,335.45,670.8593,201.71
2026-04-20 21:15:00,270.86,417.6422,335.47,670.88,201.67
2026-04-20 21:30:00,271.42,417.51,335.84,671.7,201.6026
2026-04-20 21:45:00,271.89,417.59,335.79,671.8,201.65
2026-04-20 22:00:00,271.95,417.85,335.8783,671.8846,201.83
2026-04-20 22:15:00,271.6,418.2199,336.3,671.5,201.81
2026-04-20 22:30:00,271.64,418.1,335.84,672.4,201.79
2026-04-20 22:45:00,271.7485,418.19,336.3,672.6078,201.95
2026-04-20 23:00:00,271.75,418.21,336.58,672.7,201.73
2026-04-20 23:15:00,271.35,418.24,336.3,672.59,201.65
2026-04-20 23:30:00,271.53,418.15,336.1,672.41,201.69
2026-04-20 23:45:00,271.55,417.9,336.4,672.4019,201.7
2026-04-21 08:00:00,271.0,419.49,336.33,673.05,201.62
2026-04-21 08:15:00,271.09,419.67,336.03,675.0,201.87
2026-04-21 08:30:00,271.1,420.38,336.74,675.22,201.985
2026-04-21 08:45:00,271.35,419.81,336.69,675.38,201.91
2026-04-21 09:00:00,271.2,419.2,336.3,674.88,201.83
2026-04-21 09:15:00,271.54,419.36,336.45,674.26,201.83
2026-04-21 09:30:00,271.85,419.3,336.55,675.2,201.81
2026-04-21 09:45:00,272.25,419.43,336.73,675.59,201.91
2026-04-21 10:00:00,272.27,419.59,336.78,675.4,201.99
2026-04-21 10:15:00,272.29,419.65,,675.1374,202.0
2026-04-21 10:30:00,272.2,419.82,336.83,675.62,202.14
2026-04-21 10:45:00,272.15,419.789,336.67,675.75,202.2151
2026-04-21 11:00:00,272.52,419.205,336.4883,674.51,202.81
2026-04-21 11:15:00,272.6,419.47,336.41,674.7803,202.58
2026-04-21 11:30:00,272.39,419.83,336.73,675.03,202.7699
2026-04-21 11:45:00,272.2,419.7,336.47,675.0064,202.83
2026-04-21 12:00:00,272.0,419.772,336.51,674.6222,202.724
2026-04-21 12:15:00,271.81,419.63,336.4709,674.52,202.8883
2026-04-21 12:30:00,271.3,419.0517,336.01,674.05,202.57
2026-04-21 12:45:00,271.15,419.17,335.8,674.05,202.32
2026-04-21 13:00:00,271.01,418.68,335.65,674.5747,202.34
2026-04-21 13:15:00,271.7,420.34,335.93,671.07,202.24
2026-04-21 13:30:00,271.41,421.005,336.795,674.08,201.185
2026-04-21 13:45:00,271.87,423.875,336.8,674.112,201.42
2026-04-21 14:00:00,270.394,424.09,336.295,674.6,202.165
2026-04-21 14:15:00,269.5801,425.125,336.5351,674.6755,201.89
2026-04-21 14:30:00,269.315,426.43,335.09,673.61,201.82
2026-04-21 14:45:00,268.82,424.24,335.1001,671.98,201.1201
2026-04-21 15:00:00,268.905,424.605,335.485,672.175,201.405
2026-04-21 15:15:00,267.93,424.695,335.15,672.345,201.05
2026-04-21 15:30:00,267.2707,425.2,334.98,672.415,201.2378
2026-04-21 15:45:00,266.72,426.15,334.5514,671.192,200.72
2026-04-21 16:00:00,266.18,425.58,334.06,670.86,200.3851
2026-04-21 16:15:00,265.86,424.95,333.19,670.5786,199.895
2026-04-21 16:30:00,265.45,425.4,332.54,670.9089,199.85
2026-04-21 16:45:00,266.34,424.96,332.11,670.15,199.95
2026-04-21 17:00:00,266.49,424.55,331.08,669.43,199.4771
2026-04-21 17:15:00,266.17,424.76,331.0851,669.19,199.32
2026-04-21 17:30:00,266.635,426.37,332.11,673.98,200.08
2026-04-21 17:45:00,266.3801,426.1603,331.17,672.82,199.59
2026-04-21 18:00:00,266.87,426.02,331.18,673.3,200.085
2026-04-21 18:15:00,266.375,425.79,330.75,670.87,199.931
2026-04-21 18:30:00,267.225,425.92,330.9225,671.19,200.385
2026-04-21 18:45:00,267.84,426.445,331.56,672.86,200.64
2026-04-21 19:00:00,267.695,426.4,331.61,672.58,200.443
2026-04-21 19:15:00,267.96,426.475,332.36,674.01,200.957
2026-04-21 19:30:00,266.3,423.88,330.18,667.835,199.37
2026-04-21 19:45:00,266.22,424.3,330.46,668.9,199.91
2026-04-21 20:00:00,267.4,425.61,331.93,672.54,200.8
2026-04-21 20:15:00,267.04,426.3,332.01,671.98,200.66
2026-04-21 20:30:00,267.12,425.5,332.0,671.01,200.45
2026-04-21 20:45:00,267.36,425.2,332.05,671.2,200.44
2026-04-21 21:00:00,267.36,425.1,331.85,671.65,200.35
2026-04-21 21:15:00,267.3,424.91,332.0,671.5,200.4999
2026-04-21 21:30:00,267.39,425.1,332.24,672.0,200.53
2026-04-21 21:45:00,267.32,425.013,332.0,672.14,200.3267
2026-04-21 22:00:00,267.55,425.85,332.57,672.3,200.56
2026-04-21 22:15:00,267.58,425.8,332.44,672.2,200.37
2026-04-21 22:30:00,267.563,425.69,332.6699,672.2123,200.36
2026-04-21 22:45:00,267.5501,425.6999,332.57,672.2,200.3919
2026-04-21 23:00:00,267.5898,425.72,332.79,672.588,200.42
2026-04-21 23:15:00,267.413,425.7083,332.9,672.3924,200.59
2026-04-21 23:30:00,267.46,425.71,332.9,672.2901,200.6006
2026-04-21 23:45:00,267.65,425.68,333.16,672.55,200.7003
2026-04-22 08:00:00,267.6,427.8,333.1,676.5,201.2
2026-04-22 08:15:00,267.5,427.79,332.78,674.57,201.02
2026-04-22 08:30:00,267.5,427.75,332.45,674.83,201.0
2026-04-22 08:45:00,267.64,427.81,332.76,675.38,201.0
2026-04-22 09:00:00,267.86,428.5,333.13,675.2,201.18
2026-04-22 09:15:00,268.0,428.67,333.21,675.2,201.27
2026-04-22 09:30:00,268.1,428.03,333.45,675.38,201.2
2026-04-22 09:45:00,267.79,427.77,332.62,675.0,200.98
2026-04-22 10:00:00,267.65,427.775,332.88,674.49,200.89
2026-04-22 10:15:00,267.85,427.39,333.1,674.7,200.99
2026-04-22 10:30:00,267.875,427.25,333.04,674.35,201.0
2026-04-22 10:45:00,268.0,427.0,332.75,675.16,201.0
2026-04-22 11:00:00,267.6,427.2,332.6,673.9581,201.15
2026-04-22 11:15:00,267.485,427.2986,332.65,673.85,201.03
2026-04-22 11:30:00,267.2781,426.95,332.56,673.96,200.9506
2026-04-22 11:45:00,267.34,427.4,333.3,674.2,200.87
2026-04-22 12:00:00,267.4,428.1003,336.4,675.63,201.42
2026-04-22 12:15:00,267.41,427.25,335.58,674.89,201.05
2026-04-22 12:30:00,267.12,426.94,335.56,675.25,200.77
2026-04-22 12:45:00,267.0,426.6188,335.42,673.75,200.5548
2026-04-22 13:00:00,267.02,426.052,335.5999,674.31,200.65
2026-04-22 13:15:00,267.8,426.14,334.82,674.37,200.96
2026-04-22 13:30:00,268.24,428.203,334.05,673.17,200.42
2026-04-22 13:45:00,268.5,428.1,335.43,672.78,199.87
2026-04-22 14:00:00,270.665,429.74,335.18,673.505,200.12
2026-04-22 14:15:00,271.94,431.125,335.96,675.76,200.36
2026-04-22 14:30:00,271.6298,430.0665,335.49,674.35,200.8801
2026-04-22 14:45:00,271.28,430.44,335.81,674.35,201.21
2026-04-22 15:00:00,272.21,431.28,335.62,674.93,201.3715
2026-04-22 15:15:00,272.4001,432.135,335.44,675.0699,201.6009
2026-04-22 15:30:00,272.84,432.175,335.06,674.42,201.0306
2026-04-22 15:45:00,273.01,431.62,335.405,674.905,201.23
2026-04-22 16:00:00,273.2,431.87,336.2369,675.33,201.18
2026-04-22 16:15:00,272.69,431.71,334.92,674.005,201.095
2026-04-22 16:30:00,272.765,431.26,334.85,674.46,201.1003
2026-04-22 16:45:00,272.495,430.61,334.9199,674.675,201.13
2026-04-22 17:00:00,273.18,431.555,335.16,675.425,201.695
2026-04-22 17:15:00,273.23,431.31,335.07,675.18,201.75
2026-04-22 17:30:00,273.58,431.3403,335.7,677.43,202.02
2026-04-22 17:45:00,273.47,431.1875,335.845,676.49,202.29
2026-04-22 18:00:00,273.26,431.37,336.63,677.3999,202.16
2026-04-22 18:15:00,272.685,430.78,336.31,675.765,201.665
2026-04-22 18:30:00,272.42,430.7999,336.55,676.62,201.825
2026-04-22 18:45:00,272.42,431.265,336.225,675.89,201.595
2026-04-22 19:00:00,272.35,431.245,336.7256,675.19,201.7403
2026-04-22 19:15:00,272.71,431.905,337.385,675.865,201.675
2026-04-22 19:30:00,272.85,432.415,337.39,677.24,201.66
2026-04-22 19:45:00,273.19,432.68,337.75,674.67,202.42
2026-04-22 20:00:00,272.59,425.59,336.36,673.3,202.31
2026-04-22 20:15:00,272.65,427.66,336.9,673.04,202.15
2026-04-22 20:30:00,272.5724,427.27,336.71,672.5,202.05
2026-04-22 20:45:00,272.49,427.75,336.89,673.0,202.2099
2026-04-22 21:00:00,272.5,428.08,336.85,673.0,202.4
2026-04-22 21:15:00,272.5117,427.5386,336.7658,673.02,202.4898
2026-04-22 21:30:00,272.52,427.53,336.5,673.3,202.44
2026-04-22 21:45:00,272.42,427.3,336.55,672.7437,202.4
2026-04-22 22:00:00,272.41,427.7783,337.09,672.8,202.47
2026-04-22 22:15:00,272.56,427.39,337.0,673.0,202.25
2026-04-22 22:30:00,272.54,427.37,336.99,672.53,202.23
2026-04-22 22:45:00,272.65,427.4695,337.08,672.35,202.18
2026-04-22 23:00:00,272.45,427.84,336.9,672.44,202.1
2026-04-22 23:15:00,272.65,427.65,336.91,672.67,202.21
2026-04-22 23:30:00,272.51,427.79,337.15,672.7447,202.2398
2026-04-22 23:45:00,272.86,427.48,337.25,672.74,202.2599
2026-04-23 08:00:00,272.34,426.4,335.22,670.0,201.3
2026-04-23 08:15:00,272.5,426.38,335.19,,201.24
2026-04-23 08:30:00,272.23,426.0,335.0,669.58,200.84
2026-04-23 08:45:00,272.27,425.8,334.81,669.48,200.86
2026-04-23 09:00:00,272.08,425.21,334.44,668.5,200.6
2026-04-23 09:15:00,272.18,425.74,334.86,669.1995,200.725
2026-04-23 09:30:00,272.01,425.99,334.76,670.0,200.85
2026-04-23 09:45:00,272.12,425.9,335.15,669.02,200.7
2026-04-23 10:00:00,272.15,425.17,335.01,669.06,200.63
2026-04-23 10:15:00,272.1,424.98,335.47,669.492,200.94
2026-04-23 10:30:00,272.47,424.54,336.07,661.94,201.15
2026-04-23 10:45:00,272.75,424.49,336.2,665.02,201.11
2026-04-23 11:00:00,272.79,425.07,336.1977,663.52,201.41
2026-04-23 11:15:00,272.92,424.6,335.99,664.34,201.5
2026-04-23 11:30:00,273.16,424.58,336.0,664.5545,201.73
2026-04-23 11:45:00,273.95,425.49,337.0,662.52,202.0988
2026-04-23 12:00:00,274.3237,425.37,337.9,669.0,202.64
2026-04-23 12:15:00,274.01,424.6,337.1912,666.5,202.25
2026-04-23 12:30:00,274.4977,423.76,337.3,666.7,202.34
2026-04-23 12:45:00,274.7,422.0,337.36,664.135,202.12
2026-04-23 13:00:00,274.74,421.95,337.5,663.0,202.07
2026-04-23 13:15:00,274.9,419.68,339.77,663.52,202.35
2026-04-23 13:30:00,273.53,420.46,338.51,664.73,202.661
2026-04-23 13:45:00,273.71,417.44,338.6,660.8,203.0614
2026-04-23 14:00:00,273.9,417.18,338.275,662.84,202.23
2026-04-23 14:15:00,273.94,418.815,337.885,663.87,201.7601
2026-04-23 14:30:00,273.59,419.975,338.1,663.68,202.02
2026-04-23 14:45:00,273.93,421.6,338.65,665.515,202.56
2026-04-23 15:00:00,273.37,421.0,339.19,666.69,202.93
2026-04-23 15:15:00,273.68,422.5,339.195,668.225,202.51
2026-04-23 15:30:00,273.32,421.39,338.245,667.95,202.105
2026-04-23 15:45:00,273.41,419.26,338.32,666.18,201.485
2026-04-23 16:00:00,273.355,418.91,338.9,665.955,201.2972
2026-04-23 16:15:00,273.6,417.93,339.025,665.17,201.1063
2026-04-23 16:30:00,273.06,417.25,338.485,665.145,201.655
2026-04-23 16:45:00,273.0,417.7399,338.74,665.44,201.5
2026-04-23 17:00:00,272.48,415.5,337.76,662.29,200.178
2026-04-23 17:15:00,272.24,415.2,336.51,658.305,199.435
2026-04-23 17:30:00,272.11,412.0501,336.08,655.11,198.11
2026-04-23 17:45:00,272.99,414.51,338.1,658.135,198.8899
2026-04-23 18:00:00,273.265,414.895,338.98,658.92,199.165
2026-04-23 18:15:00,273.67,415.0901,339.33,658.41,199.14
2026-04-23 18:30:00,273.86,414.95,339.2,658.45,199.36
2026-04-23 18:45:00,273.915,414.55,338.205,657.58,198.37
2026-04-23 19:00:00,274.475,416.0787,338.095,658.26,198.83
2026-04-23 19:15:00,274.17,416.3363,338.1899,659.66,199.11
2026-04-23 19:30:00,273.65,415.25,337.98,659.47,199.03
2026-04-23 19:45:00,273.44,415.75,337.76,659.33,199.71
2026-04-23 20:00:00,272.66,414.6,337.24,657.49,199.15
2026-04-23 20:15:00,272.65,417.2,337.62,657.01,199.3
2026-04-23 20:30:00,272.25,417.3,337.3779,657.04,199.0204
2026-04-23 20:45:00,272.0,417.06,337.0,656.48,198.76
2026-04-23 21:00:00,271.89,416.77,337.11,657.0,198.77
2026-04-23 21:15:00,272.0,417.27,337.65,657.4,198.93
2026-04-23 21:30:00,272.28,417.2999,337.75,658.6001,198.9004
2026-04-23 21:45:00,272.12,417.56,337.45,659.0,198.85
2026-04-23 22:00:00,272.16,418.0,337.4118,659.99,199.1994
2026-04-23 22:15:00,272.03,417.69,337.41,659.85,199.01
2026-04-23 22:30:00,272.11,417.74,337.44,659.49,199.0304
2026-04-23 22:45:00,272.35,418.15,337.85,659.74,199.1143
2026-04-23 23:00:00,272.28,418.18,337.85,659.45,199.05
2026-04-23 23:15:00,272.374,418.36,337.9,659.2,199.2345
2026-04-23 23:30:00,272.68,418.757,338.34,660.49,199.47
2026-04-23 23:45:00,272.6,418.65,338.7,660.6999,199.4999
2026-04-24 08:00:00,272.01,419.77,338.65,660.4,199.94
2026-04-24 08:15:00,271.92,420.02,338.46,660.0,200.04
2026-04-24 08:30:00,272.0,419.28,338.2,659.16,199.75
2026-04-24 08:45:00,271.86,419.07,338.03,659.25,199.8
2026-04-24 09:00:00,271.89,418.87,338.24,659.0,199.75
2026-04-24 09:15:00,271.65,418.69,337.92,658.0,199.44
2026-04-24 09:30:00,272.0,418.69,337.58,657.43,199.6
2026-04-24 09:45:00,271.98,418.31,337.67,657.5,199.4
2026-04-24 10:00:00,272.28,418.73,337.76,658.94,199.49
2026-04-24 10:15:00,272.1,419.46,338.4,659.82,199.86
2026-04-24 10:30:00,272.16,419.19,338.77,659.91,199.49
2026-04-24 10:45:00,272.315,419.1,338.78,660.2185,199.63
2026-04-24 11:00:00,272.76,420.95,339.7982,661.73,200.69
2026-04-24 11:15:00,273.33,422.04,339.81,663.4,201.41
2026-04-24 11:30:00,273.27,420.84,339.7747,662.49,201.3801
2026-04-24 11:45:00,273.05,420.75,339.82,662.22,200.9122
2026-04-24 12:00:00,272.86,421.17,340.2,663.0,201.21
2026-04-24 12:15:00,272.75,419.75,340.0,662.8,200.6403
2026-04-24 12:30:00,272.52,419.5117,339.3925,661.4166,200.72
2026-04-24 12:45:00,272.5,419.2,339.0227,661.03,200.645
2026-04-24 13:00:00,272.47,419.43,339.18,661.89,200.41
2026-04-24 13:15:00,273.0,416.99,337.67,660.5,199.94
2026-04-24 13:30:00,271.2975,419.78,336.685,661.81,201.7301
2026-04-24 13:45:00,271.67,419.57,337.22,663.99,202.0
2026-04-24 14:00:00,271.55,418.72,337.51,667.83,202.4222
2026-04-24 14:15:00,272.07,417.55,336.65,665.08,202.605
2026-04-24 14:30:00,271.88,418.79,335.7399,666.28,206.24
2026-04-24 14:45:00,271.455,418.32,336.03,667.335,208.69
2026-04-24 15:00:00,271.03,419.61,336.145,667.955,209.59
2026-04-24 15:15:00,270.68,419.89,338.734,672.45,208.9159
2026-04-24 15:30:00,270.43,421.45,339.52,674.24,209.7
2026-04-24 15:45:00,271.0321,419.665,341.64,675.5,209.12
2026-04-24 16:00:00,271.6,418.935,341.2,674.7,208.66
2026-04-24 16:15:00,271.0,418.77,341.69,675.27,209.575
2026-04-24 16:30:00,270.415,419.39,341.83,675.755,210.09
2026-04-24 16:45:00,270.475,419.77,341.86,679.15,209.68
2026-04-24 17:00:00,269.955,419.81,341.75,680.03,210.005
2026-04-24 17:15:00,270.06,418.82,341.105,677.21,209.33
2026-04-24 17:30:00,270.03,419.92,340.91,677.42,209.5901
2026-04-24 17:45:00,269.8055,420.835,341.52,677.16,209.315
2026-04-24 18:00:00,270.17,421.6,341.95,675.46,209.03
2026-04-24 18:15:00,269.96,422.0,341.59,674.925,208.1927
2026-04-24 18:30:00,270.33,422.35,342.17,674.82,208.08
2026-04-24 18:45:00,270.11,422.4,341.875,676.125,208.23
2026-04-24 19:00:00,270.21,424.12,342.19,677.87,209.12
2026-04-24 19:15:00,270.09,423.6175,342.21,677.3801,208.518
2026-04-24 19:30:00,270.5,424.161,342.45,676.13,208.19
2026-04-24 19:45:00,271.06,424.63,342.24,674.89,208.19
2026-04-24 20:00:00,271.0,424.15,342.0,674.8,208.2961
2026-04-24 20:15:00,270.8,424.0,341.91,675.09,208.01
2026-04-24 20:30:00,270.87,424.1,342.02,675.2,208.02
2026-04-24 20:45:00,270.87,424.4,341.65,674.95,208.06
2026-04-24 21:00:00,270.82,424.25,341.55,674.9,207.88
2026-04-24 21:15:00,270.84,424.18,341.46,675.0,207.85
2026-04-24 21:30:00,270.84,424.08,341.8376,674.98,207.87
2026-04-24 21:45:00,270.84,424.0,341.68,674.5,207.83
2026-04-24 22:00:00,270.84,423.99,341.99,674.7,207.89
2026-04-24 22:15:00,270.9117,423.91,341.88,674.7,207.81
2026-04-24 22:30:00,270.99,424.0117,341.83,674.9,207.88
2026-04-24 22:45:00,270.9,423.8991,341.83,674.8999,207.95
2026-04-24 23:00:00,270.87,423.81,341.9385,,208.0701
2026-04-24 23:15:00,270.85,423.79,341.68,675.03,208.0647
2026-04-24 23:30:00,270.8599,423.93,341.75,674.76,208.2
2026-04-24 23:45:00,270.9,423.88,341.81,675.18,208.1
2026-04-27 08:00:00,268.8,423.78,342.46,673.78,208.3
2026-04-27 08:15:00,268.0,423.95,343.11,673.75,208.41
2026-04-27 08:30:00,267.7,424.26,343.43,675.0,209.06
2026-04-27 08:45:00,268.11,424.0745,343.09,674.73,208.7
2026-04-27 09:00:00,268.15,424.0,342.95,673.52,208.7
2026-04-27 09:15:00,267.88,424.19,343.09,673.15,209.03
2026-04-27 09:30:00,267.52,424.0,343.03,673.42,209.25
2026-04-27 09:45:00,267.07,423.99,343.05,674.1,209.82
2026-04-27 10:00:00,267.45,423.87,342.81,673.5,210.01
2026-04-27 10:15:00,266.8,423.84,343.4,673.33,210.21
2026-04-27 10:30:00,266.99,423.8,344.0,673.9,210.59
2026-04-27 10:45:00,266.68,424.11,344.5,674.46,210.23
2026-04-27 11:00:00,266.37,423.18,343.53,675.41,211.9
2026-04-27 11:15:00,266.1957,422.8,344.0243,675.0,211.63
2026-04-27 11:30:00,266.7,422.68,343.95,674.1717,211.58
2026-04-27 11:45:00,266.8,422.82,343.89,674.12,211.6409
2026-04-27 12:00:00,267.44,422.75,343.9,674.34,211.47
2026-04-27 12:15:00,267.0463,422.36,343.5129,672.87,210.61
2026-04-27 12:30:00,267.58,422.6102,343.5,672.2569,210.4193
2026-04-27 12:45:00,267.42,423.02,343.4,672.81,210.21
2026-04-27 13:00:00,267.75,418.79,344.4,671.7,210.1
2026-04-27 13:15:00,265.88,422.27,343.96,671.3,209.7
2026-04-27 13:30:00,267.485,420.65,344.1,677.48,209.79
2026-04-27 13:45:00,268.13,419.99,346.58,672.415,210.36
2026-04-27 14:00:00,267.39,420.58,346.66,674.9,210.4
2026-04-27 14:15:00,267.36,424.6183,348.615,676.16,208.695
2026-04-27 14:30:00,267.185,423.4173,348.89,677.905,209.2444
2026-04-27 14:45:00,267.16,423.745,348.97,681.402,209.39
2026-04-27 15:00:00,266.89,421.9,348.935,678.21,209.475
2026-04-27 15:15:00,267.11,422.89,348.3,676.51,209.88
2026-04-27 15:30:00,267.64,422.51,348.44,673.755,210.37
2026-04-27 15:45:00,266.79,422.35,349.419,674.7,210.66
2026-04-27 16:00:00,266.845,423.45,349.405,674.89,211.07
2026-04-27 16:15:00,266.295,423.62,349.465,675.265,211.455
2026-04-27 16:30:00,266.5851,423.83,349.86,677.03,213.0237
2026-04-27 16:45:00,266.42,424.395,349.42,677.67,212.75
2026-04-27 17:00:00,266.4496,424.8695,349.96,678.685,214.015
2026-04-27 17:15:00,266.84,425.08,349.98,680.045,213.61
2026-04-27 17:30:00,266.86,425.74,350.69,680.47,214.315
2026-04-27 17:45:00,266.48,425.7101,350.85,679.275,215.135
2026-04-27 18:00:00,266.5301,426.54,350.58,679.37,215.29
2026-04-27 18:15:00,266.3499,426.64,350.4,678.91,215.69
2026-04-27 18:30:00,266.18,426.74,350.26,679.545,215.48
2026-04-27 18:45:00,266.42,425.895,350.105,678.41,215.09
2026-04-27 19:00:00,266.6301,424.45,350.06,677.31,215.875
2026-04-27 19:15:00,267.15,424.66,350.13,678.64,215.49
2026-04-27 19:30:00,267.7,425.83,349.52,679.35,215.755
2026-04-27 19:45:00,267.64,425.06,348.51,678.46,216.63
2026-04-27 20:00:00,267.7,424.1881,348.5,677.0,217.02
2026-04-27 20:15:00,267.4,425.0,348.57,676.5,217.4901
2026-04-27 20:30:00,267.5,424.9,349.02,677.0,217.15
2026-04-27 20:45:00,267.4416,424.9,348.68,677.49,217.15
2026-04-27 21:00:00,267.5,424.9701,348.9958,677.6,217.53
2026-04-27 21:15:00,267.47,424.99,348.75,677.77,217.4387
2026-04-27 21:30:00,267.55,424.67,349.1495,677.72,217.31
2026-04-27 21:45:00,267.44,424.51,348.96,678.01,217.3495
2026-04-27 22:00:00,267.69,424.9,349.5,678.5,217.72
2026-04-27 22:15:00,267.6,425.1935,349.28,678.49,217.9395
2026-04-27 22:30:00,267.9092,425.44,349.6047,678.35,217.9796
2026-04-27 22:45:00,267.78,425.3,349.9,678.74,217.9999
2026-04-27 23:00:00,267.88,425.3,349.89,678.35,218.35
2026-04-27 23:15:00,267.878,425.3,349.7347,678.37,218.72
2026-04-27 23:30:00,267.85,425.45,349.8,678.49,218.72
2026-04-27 23:45:00,267.8699,425.4693,350.1695,678.65,218.75
