timestamp,AAPL,MSFT,GOOG,META,NVDA,AMD,INTC,AVGO,CRM,ORCL,ADBE,QCOM
2026-04-01 08:00:00,,,,,,,,,,,,
2026-04-01 08:15:00,,,,,,,,,,,,
2026-04-01 08:30:00,,,,,,,,,,,,
2026-04-01 08:45:00,,,,,,,,,,,,
2026-04-01 09:00:00,,,,,,,,,,,,
2026-04-01 09:15:00,,,,,,,,,,,,
2026-04-01 09:30:00,,,,,,,,,,,,
2026-04-01 09:45:00,,,,,,,,,,,,
2026-04-01 10:00:00,,,,,,,,,,,,
2026-04-01 10:15:00,,,,,,,,,,,,
2026-04-01 10:30:00,,,,,,,,,,,,
2026-04-01 10:45:00,,,,,,,,,,,,
2026-04-01 11:00:00,,,,,,,,,,,,
2026-04-01 11:15:00,,,,,,,,,,,,
2026-04-01 11:30:00,,,,,,,,,,,,
2026-04-01 11:45:00,,,,,,,,,,,,
2026-04-01 12:00:00,,,,,,,,,,,,
2026-04-01 12:15:00,,,,,,,,,,,,
2026-04-01 12:30:00,,,,,,,,,,,,
2026-04-01 12:45:00,,,,,,,,,,,,
2026-04-01 13:00:00,,,,,,,,,,,,
2026-04-01 13:15:00,,,,,,,,,,,,
2026-04-01 13:30:00,,,,,,,,,,,,
2026-04-01 13:45:00,,,,,,,,,,,,
2026-04-01 14:00:00,,,,,,,,,,,,
2026-04-01 14:15:00,,,,,,,,,,,,
2026-04-01 14:30:00,,,,,,,,,,,,
2026-04-01 14:45:00,,,,,,,,,,,,
2026-04-01 15:00:00,,,,,,,,,,,,
2026-04-01 15:15:00,,,,,,,,,,,,
2026-04-01 15:30:00,,,,,,,,,,,,
2026-04-01 15:45:00,,,,,,,,,,,,
2026-04-01 16:00:00,,,,,,,,,,,,
2026-04-01 16:15:00,,,,,,,,,,,,
2026-04-01 16:30:00,,,,,,,,,,,,
2026-04-01 16:45:00,,,,,,,,,,,,
2026-04-01 17:00:00,,,,,,,,,,,,
2026-04-01 17:15:00,,,,,,,,,,,,
2026-04-01 17:30:00,,,,,,,,,,,,
2026-04-01 17:45:00,,,,,,,,,,,,
2026-04-01 18:00:00,,,,,,,,,,,,
2026-04-01 18:15:00,,,,,,,,,,,,
2026-04-01 18:30:00,,,,,,,,,,,,
2026-04-01 18:45:00,,,,,,,,,,,,
2026-04-01 19:00:00,,,,,,,,,,,,
2026-04-01 19:15:00,,,,,,,,,,,,
2026-04-01 19:30:00,,,,,,,,,,,,
2026-04-01 19:45:00,,,,,,,,,,,,
2026-04-01 20:00:00,,,,,,,,,,,,
2026-04-01 20:15:00,,,,,,,,,,,,
2026-04-01 20:30:00,,,,,,,,,,,,
2026-04-01 20:45:00,,,,,,,,,,,,
2026-04-01 21:00:00,,,,,,,,,,,,
2026-04-01 21:15:00,,,,,,,,,,,,
2026-04-01 21:30:00,,,,,,,,,,,,
2026-04-01 21:45:00,,,,,,,,,,,,
2026-04-01 22:00:00,,,,,,,,,,,,
2026-04-01 22:15:00,,,,,,,,,,,,
2026-04-01 22:30:00,,,,,,,,,,,,
2026-04-01 22:45:00,,,,,,,,,,,,
2026-04-01 23:00:00,,,,,,,,,,,,
2026-04-01 23:15:00,,,,,,,,,,,,
2026-04-01 23:30:00,,,,,,,,,,,,
2026-04-01 23:45:00,,,,,,,,,,,,
2026-04-02 08:00:00,,,,,,,,,,,,
2026-04-02 08:15:00,,,,,,,,,,,,
2026-04-02 08:30:00,,,,,,,,,,,,
2026-04-02 08:45:00,,,,,,,,,,,,
2026-04-02 09:00:00,,,,,,,,,,,,
2026-04-02 09:15:00,,,,,,,,,,,,
2026-04-02 09:30:00,,,,,,,,,,,,
2026-04-02 09:45:00,,,,,,,,,,,,
2026-04-02 10:00:00,,,,,,,,,,,,
2026-04-02 10:15:00,,,,,,,,,,,,
2026-04-02 10:30:00,,,,,,,,,,,,
2026-04-02 10:45:00,,,,,,,,,,,,
2026-04-02 11:00:00,,,,,,,,,,,,
2026-04-02 11:15:00,,,,,,,,,,,,
2026-04-02 11:30:00,,,,,,,,,,,,
2026-04-02 11:45:00,,,,,,,,,,,,
2026-04-02 12:00:00,,,,,,,,,,,,
2026-04-02 12:15:00,,,,,,,,,,,,
2026-04-02 12:30:00,,,,,,,,,,,,
2026-04-02 12:45:00,,,,,,,,,,,,
2026-04-02 13:00:00,,,,,,,,,,,,
2026-04-02 13:15:00,,,,,,,,,,,,
2026-04-02 13:30:00,,,,,,,,,,,,
2026-04-02 13:45:00,,,,,,,,,,,,
2026-04-02 14:00:00,,,,,,,,,,,,
2026-04-02 14:15:00,,,,,,,,,,,,
2026-04-02 14:30:00,,,,,,,,,,,,
2026-04-02 14:45:00,,,,,,,,,,,,
2026-04-02 15:00:00,,,,,,,,,,,,
2026-04-02 15:15:00,,,,,,,,,,,,
2026-04-02 15:30:00,,,,,,,,,,,,
2026-04-02 15:45:00,,,,,,,,,,,,
2026-04-02 16:00:00,,,,,,,,,,,,
2026-04-02 16:15:00,,,,,,,,,,,,
2026-04-02 16:30:00,,,,,,,,,,,,
2026-04-02 16:45:00,,,,,,,,,,,,
2026-04-02 17:00:00,,,,,,,,,,,,
2026-04-02 17:15:00,,,,,,,,,,,,
2026-04-02 17:30:00,,,,,,,,,,,,
2026-04-02 17:45:00,,,,,,,,,,,,
2026-04-02 18:00:00,,,,,,,,,,,,
2026-04-02 18:15:00,,,,,,,,,,,,
2026-04-02 18:30:00,,,,,,,,,,,,
2026-04-02 18:45:00,,,,,,,,,,,,
2026-04-02 19:00:00,,,,,,,,,,,,
2026-04-02 19:15:00,,,,,,,,,,,,
2026-04-02 19:30:00,,,,,,,,,,,,
2026-04-02 19:45:00,,,,,,,,,,,,
2026-04-02 20:00:00,,,,,,,,,,,,
2026-04-02 20:15:00,,,,,,,,,,,,
2026-04-02 20:30:00,,,,,,,,,,,,
2026-04-02 20:45:00,,,,,,,,,,,,
2026-04-02 21:00:00,,,,,,,,,,,,
2026-04-02 21:15:00,,,,,,,,,,,,
2026-04-02 21:30:00,,,,,,,,,,,,
2026-04-02 21:45:00,,,,,,,,,,,,
2026-04-02 22:00:00,,,,,,,,,,,,
2026-04-02 22:15:00,,,,,,,,,,,,
2026-04-02 22:30:00,,,,,,,,,,,,
2026-04-02 22:45:00,,,,,,,,,,,,
2026-04-02 23:00:00,,,,,,,,,,,,
2026-04-02 23:15:00,,,,,,,,,,,,
2026-04-02 23:30:00,,,,,,,,,,,,
2026-04-02 23:45:00,,,,,,,,,,,,
2026-04-06 08:00:00,,,,,,,,,,,,
2026-04-06 08:15:00,,,,,,,,,,,,
2026-04-06 08:30:00,,,,,,,,,,,,
2026-04-06 08:45:00,,,,,,,,,,,,
2026-04-06 09:00:00,,,,,,,,,,,,
2026-04-06 09:15:00,,,,,,,,,,,,
2026-04-06 09:30:00,,,,,,,,,,,,
2026-04-06 09:45:00,,,,,,,,,,,,
2026-04-06 10:00:00,,,,,,,,,,,,
2026-04-06 10:15:00,,,,,,,,,,,,
2026-04-06 10:30:00,,,,,,,,,,,,
2026-04-06 10:45:00,,,,,,,,,,,,
2026-04-06 11:00:00,,,,,,,,,,,,
2026-04-06 11:15:00,,,,,,,,,,,,
2026-04-06 11:30:00,,,,,,,,,,,,
2026-04-06 11:45:00,,,,,,,,,,,,
2026-04-06 12:00:00,,,,,,,,,,,,
2026-04-06 12:15:00,,,,,,,,,,,,
2026-04-06 12:30:00,,,,,,,,,,,,
2026-04-06 12:45:00,,,,,,,,,,,,
2026-04-06 13:00:00,,,,,,,,,,,,
2026-04-06 13:15:00,,,,,,,,,,,,
2026-04-06 13:30:00,,,,,,,,,,,,
2026-04-06 13:45:00,,,,,,,,,,,,
2026-04-06 14:00:00,,,,,,,,,,,,
2026-04-06 14:15:00,,,,,,,,,,,,
2026-04-06 14:30:00,,,,,,,,,,,,
2026-04-06 14:45:00,,,,,,,,,,,,
2026-04-06 15:00:00,,,,,,,,,,,,
2026-04-06 15:15:00,,,,,,,,,,,,
2026-04-06 15:30:00,,,,,,,,,,,,
2026-04-06 15:45:00,,,,,,,,,,,,
2026-04-06 16:00:00,,,,,,,,,,,,
2026-04-06 16:15:00,,,,,,,,,,,,
2026-04-06 16:30:00,,,,,,,,,,,,
2026-04-06 16:45:00,,,,,,,,,,,,
2026-04-06 17:00:00,,,,,,,,,,,,
2026-04-06 17:15:00,,,,,,,,,,,,
2026-04-06 17:30:00,,,,,,,,,,,,
2026-04-06 17:45:00,,,,,,,,,,,,
2026-04-06 18:00:00,,,,,,,,,,,,
2026-04-06 18:15:00,,,,,,,,,,,,
2026-04-06 18:30:00,,,,,,,,,,,,
2026-04-06 18:45:00,,,,,,,,,,,,
2026-04-06 19:00:00,,,,,,,,,,,,
2026-04-06 19:15:00,,,,,,,,,,,,
2026-04-06 19:30:00,,,,,,,,,,,,
2026-04-06 19:45:00,,,,,,,,,,,,
2026-04-06 20:00:00,,,,,,,,,,,,
2026-04-06 20:15:00,,,,,,,,,,,,
2026-04-06 20:30:00,,,,,,,,,,,,
2026-04-06 20:45:00,,,,,,,,,,,,
2026-04-06 21:00:00,,,,,,,,,,,,
2026-04-06 21:15:00,,,,,,,,,,,,
2026-04-06 21:30:00,,,,,,,,,,,,
2026-04-06 21:45:00,,,,,,,,,,,,
2026-04-06 22:00:00,,,,,,,,,,,,
2026-04-06 22:15:00,,,,,,,,,,,,
2026-04-06 22:30:00,,,,,,,,,,,,
2026-04-06 22:45:00,,,,,,,,,,,,
2026-04-06 23:00:00,,,,,,,,,,,,
2026-04-06 23:15:00,,,,,,,,,,,,
2026-04-06 23:30:00,,,,,,,,,,,,
2026-04-06 23:45:00,,,,,,,,,,,,
2026-04-07 08:00:00,,,,,,,,,,,,
2026-04-07 08:15:00,,,,,,,,,,,,
2026-04-07 08:30:00,,,,,,,,,,,,
2026-04-07 08:45:00,,,,,,,,,,,,
2026-04-07 09:00:00,,,,,,,,,,,,
2026-04-07 09:15:00,,,,,,,,,,,,
2026-04-07 09:30:00,,,,,,,,,,,,
2026-04-07 09:45:00,,,,,,,,,,,,
2026-04-07 10:00:00,,,,,,,,,,,,
2026-04-07 10:15:00,,,,,,,,,,,,
2026-04-07 10:30:00,,,,,,,,,,,,
2026-04-07 10:45:00,,,,,,,,,,,,
2026-04-07 11:00:00,,,,,,,,,,,,
2026-04-07 11:15:00,,,,,,,,,,,,
2026-04-07 11:30:00,,,,,,,,,,,,
2026-04-07 11:45:00,,,,,,,,,,,,
2026-04-07 12:00:00,,,,,,,,,,,,
2026-04-07 12:15:00,,,,,,,,,,,,
2026-04-07 12:30:00,,,,,,,,,,,,
2026-04-07 12:45:00,,,,,,,,,,,,
2026-04-07 13:00:00,,,,,,,,,,,,
2026-04-07 13:15:00,,,,,,,,,,,,
2026-04-07 13:30:00,,,,,,,,,,,,
2026-04-07 13:45:00,,,,,,,,,,,,
2026-04-07 14:00:00,,,,,,,,,,,,
2026-04-07 14:15:00,,,,,,,,,,,,
2026-04-07 14:30:00,,,,,,,,,,,,
2026-04-07 14:45:00,,,,,,,,,,,,
2026-04-07 15:00:00,,,,,,,,,,,,
2026-04-07 15:15:00,,,,,,,,,,,,
2026-04-07 15:30:00,,,,,,,,,,,,
2026-04-07 15:45:00,,,,,,,,,,,,
2026-04-07 16:00:00,,,,,,,,,,,,
2026-04-07 16:15:00,,,,,,,,,,,,
2026-04-07 16:30:00,,,,,,,,,,,,
2026-04-07 16:45:00,,,,,,,,,,,,
2026-04-07 17:00:00,,,,,,,,,,,,
2026-04-07 17:15:00,,,,,,,,,,,,
2026-04-07 17:30:00,,,,,,,,,,,,
2026-04-07 17:45:00,,,,,,,,,,,,
2026-04-07 18:00:00,,,,,,,,,,,,
2026-04-07 18:15:00,,,,,,,,,,,,
2026-04-07 18:30:00,,,,,,,,,,,,
2026-04-07 18:45:00,,,,,,,,,,,,
2026-04-07 19:00:00,,,,,,,,,,,,
2026-04-07 19:15:00,,,,,,,,,,,,
2026-04-07 19:30:00,,,,,,,,,,,,
2026-04-07 19:45:00,,,,,,,,,,,,
2026-04-07 20:00:00,,,,,,,,,,,,
2026-04-07 20:15:00,,,,,,,,,,,,
2026-04-07 20:30:00,,,,,,,,,,,,
2026-04-07 20:45:00,,,,,,,,,,,,
2026-04-07 21:00:00,,,,,,,,,,,,
2026-04-07 21:15:00,,,,,,,,,,,,
2026-04-07 21:30:00,,,,,,,,,,,,
2026-04-07 21:45:00,,,,,,,,,,,,
2026-04-07 22:00:00,,,,,,,,,,,,
2026-04-07 22:15:00,,,,,,,,,,,,
2026-04-07 22:30:00,,,,,,,,,,,,
2026-04-07 22:45:00,,,,,,,,,,,,
2026-04-07 23:00:00,,,,,,,,,,,,
2026-04-07 23:15:00,,,,,,,,,,,,
2026-04-07 23:30:00,,,,,,,,,,,,
2026-04-07 23:45:00,,,,,,,,,,,,
2026-04-08 08:00:00,,,,,,,,,,,,
2026-04-08 08:15:00,,,,,,,,,,,,
2026-04-08 08:30:00,,,,,,,,,,,,
2026-04-08 08:45:00,,,,,,,,,,,,
2026-04-08 09:00:00,,,,,,,,,,,,
2026-04-08 09:15:00,,,,,,,,,,,,
2026-04-08 09:30:00,,,,,,,,,,,,
2026-04-08 09:45:00,,,,,,,,,,,,
2026-04-08 10:00:00,,,,,,,,,,,,
2026-04-08 10:15:00,,,,,,,,,,,,
2026-04-08 10:30:00,,,,,,,,,,,,
2026-04-08 10:45:00,,,,,,,,,,,,
2026-04-08 11:00:00,,,,,,,,,,,,
2026-04-08 11:15:00,,,,,,,,,,,,
2026-04-08 11:30:00,,,,,,,,,,,,
2026-04-08 11:45:00,,,,,,,,,,,,
2026-04-08 12:00:00,,,,,,,,,,,,
2026-04-08 12:15:00,,,,,,,,,,,,
2026-04-08 12:30:00,,,,,,,,,,,,
2026-04-08 12:45:00,,,,,,,,,,,,
2026-04-08 13:00:00,,,,,,,,,,,,
2026-04-08 13:15:00,,,,,,,,,,,,
2026-04-08 13:30:00,,,,,,,,,,,,
2026-04-08 13:45:00,,,,,,,,,,,,
2026-04-08 14:00:00,,,,,,,,,,,,
2026-04-08 14:15:00,,,,,,,,,,,,
2026-04-08 14:30:00,,,,,,,,,,,,
2026-04-08 14:45:00,,,,,,,,,,,,
2026-04-08 15:00:00,,,,,,,,,,,,
2026-04-08 15:15:00,,,,,,,,,,,,
2026-04-08 15:30:00,,,,,,,,,,,,
2026-04-08 15:45:00,,,,,,,,,,,,
2026-04-08 16:00:00,,,,,,,,,,,,
2026-04-08 16:15:00,,,,,,,,,,,,
2026-04-08 16:30:00,,,,,,,,,,,,
2026-04-08 16:45:00,,,,,,,,,,,,
2026-04-08 17:00:00,,,,,,,,,,,,
2026-04-08 17:15:00,,,,,,,,,,,,
2026-04-08 17:30:00,,,,,,,,,,,,
2026-04-08 17:45:00,,,,,,,,,,,,
2026-04-08 18:00:00,,,,,,,,,,,,
2026-04-08 18:15:00,,,,,,,,,,,,
2026-04-08 18:30:00,,,,,,,,,,,,
2026-04-08 18:45:00,,,,,,,,,,,,
2026-04-08 19:00:00,,,,,,,,,,,,
2026-04-08 19:15:00,,,,,,,,,,,,
2026-04-08 19:30:00,,,,,,,,,,,,
2026-04-08 19:45:00,,,,,,,,,,,,
2026-04-08 20:00:00,,,,,,,,,,,,
2026-04-08 20:15:00,,,,,,,,,,,,
2026-04-08 20:30:00,,,,,,,,,,,,
2026-04-08 20:45:00,,,,,,,,,,,,
2026-04-08 21:00:00,,,,,,,,,,,,
2026-04-08 21:15:00,,,,,,,,,,,,
2026-04-08 21:30:00,,,,,,,,,,,,
2026-04-08 21:45:00,,,,,,,,,,,,
2026-04-08 22:00:00,,,,,,,,,,,,
2026-04-08 22:15:00,,,,,,,,,,,,
2026-04-08 22:30:00,,,,,,,,,,,,
2026-04-08 22:45:00,,,,,,,,,,,,
2026-04-08 23:00:00,,,,,,,,,,,,
2026-04-08 23:15:00,,,,,,,,,,,,
2026-04-08 23:30:00,,,,,,,,,,,,
2026-04-08 23:45:00,,,,,,,,,,,,
2026-04-09 08:00:00,,,,,,,,,,,,
2026-04-09 08:15:00,,,,,,,,,,,,
2026-04-09 08:30:00,,,,,,,,,,,,
2026-04-09 08:45:00,,,,,,,,,,,,
2026-04-09 09:00:00,,,,,,,,,,,,
2026-04-09 09:15:00,,,,,,,,,,,,
2026-04-09 09:30:00,,,,,,,,,,,,
2026-04-09 09:45:00,,,,,,,,,,,,
2026-04-09 10:00:00,,,,,,,,,,,,
2026-04-09 10:15:00,,,,,,,,,,,,
2026-04-09 10:30:00,,,,,,,,,,,,
2026-04-09 10:45:00,,,,,,,,,,,,
2026-04-09 11:00:00,,,,,,,,,,,,
2026-04-09 11:15:00,,,,,,,,,,,,
2026-04-09 11:30:00,,,,,,,,,,,,
2026-04-09 11:45:00,,,,,,,,,,,,
2026-04-09 12:00:00,,,,,,,,,,,,
2026-04-09 12:15:00,,,,,,,,,,,,
2026-04-09 12:30:00,,,,,,,,,,,,
2026-04-09 12:45:00,,,,,,,,,,,,
2026-04-09 13:00:00,,,,,,,,,,,,
2026-04-09 13:15:00,,,,,,,,,,,,
2026-04-09 13:30:00,,,,,,,,,,,,
2026-04-09 13:45:00,,,,,,,,,,,,
2026-04-09 14:00:00,,,,,,,,,,,,
2026-04-09 14:15:00,,,,,,,,,,,,
2026-04-09 14:30:00,,,,,,,,,,,,
2026-04-09 14:45:00,,,,,,,,,,,,
2026-04-09 15:00:00,,,,,,,,,,,,
2026-04-09 15:15:00,,,,,,,,,,,,
2026-04-09 15:30:00,,,,,,,,,,,,
2026-04-09 15:45:00,,,,,,,,,,,,
2026-04-09 16:00:00,,,,,,,,,,,,
2026-04-09 16:15:00,,,,,,,,,,,,
2026-04-09 16:30:00,,,,,,,,,,,,
2026-04-09 16:45:00,,,,,,,,,,,,
2026-04-09 17:00:00,,,,,,,,,,,,
2026-04-09 17:15:00,,,,,,,,,,,,
2026-04-09 17:30:00,,,,,,,,,,,,
2026-04-09 17:45:00,,,,,,,,,,,,
2026-04-09 18:00:00,,,,,,,,,,,,
2026-04-09 18:15:00,,,,,,,,,,,,
2026-04-09 18:30:00,,,,,,,,,,,,
2026-04-09 18:45:00,,,,,,,,,,,,
2026-04-09 19:00:00,,,,,,,,,,,,
2026-04-09 19:15:00,,,,,,,,,,,,
2026-04-09 19:30:00,,,,,,,,,,,,
2026-04-09 19:45:00,,,,,,,,,,,,
2026-04-09 20:00:00,,,,,,,,,,,,
2026-04-09 20:15:00,,,,,,,,,,,,
2026-04-09 20:30:00,,,,,,,,,,,,
2026-04-09 20:45:00,,,,,,,,,,,,
2026-04-09 21:00:00,,,,,,,,,,,,
2026-04-09 21:15:00,,,,,,,,,,,,
2026-04-09 21:30:00,,,,,,,,,,,,
2026-04-09 21:45:00,,,,,,,,,,,,
2026-04-09 22:00:00,,,,,,,,,,,,
2026-04-09 22:15:00,,,,,,,,,,,,
2026-04-09 22:30:00,,,,,,,,,,,,
2026-04-09 22:45:00,,,,,,,,,,,,
2026-04-09 23:00:00,,,,,,,,,,,,
2026-04-09 23:15:00,,,,,,,,,,,,
2026-04-09 23:30:00,,,,,,,,,,,,
2026-04-09 23:45:00,,,,,,,,,,,,
2026-04-10 08:00:00,,,,,,,,,,,,
2026-04-10 08:15:00,,,,,,,,,,,,
2026-04-10 08:30:00,,,,,,,,,,,,
2026-04-10 08:45:00,,,,,,,,,,,,
2026-04-10 09:00:00,,,,,,,,,,,,
2026-04-10 09:15:00,,,,,,,,,,,,
2026-04-10 09:30:00,,,,,,,,,,,,
2026-04-10 09:45:00,,,,,,,,,,,,
2026-04-10 10:00:00,,,,,,,,,,,,
2026-04-10 10:15:00,,,,,,,,,,,,
2026-04-10 10:30:00,,,,,,,,,,,,
2026-04-10 10:45:00,,,,,,,,,,,,
2026-04-10 11:00:00,,,,,,,,,,,,
2026-04-10 11:15:00,,,,,,,,,,,,
2026-04-10 11:30:00,,,,,,,,,,,,
2026-04-10 11:45:00,,,,,,,,,,,,
2026-04-10 12:00:00,,,,,,,,,,,,
2026-04-10 12:15:00,,,,,,,,,,,,
2026-04-10 12:30:00,,,,,,,,,,,,
2026-04-10 12:45:00,,,,,,,,,,,,
2026-04-10 13:00:00,,,,,,,,,,,,
2026-04-10 13:15:00,,,,,,,,,,,,
2026-04-10 13:30:00,,,,,,,,,,,,
2026-04-10 13:45:00,,,,,,,,,,,,
2026-04-10 14:00:00,,,,,,,,,,,,
2026-04-10 14:15:00,,,,,,,,,,,,
2026-04-10 14:30:00,,,,,,,,,,,,
2026-04-10 14:45:00,,,,,,,,,,,,
2026-04-10 15:00:00,,,,,,,,,,,,
2026-04-10 15:15:00,,,,,,,,,,,,
2026-04-10 15:30:00,,,,,,,,,,,,
2026-04-10 15:45:00,,,,,,,,,,,,
2026-04-10 16:00:00,,,,,,,,,,,,
2026-04-10 16:15:00,,,,,,,,,,,,
2026-04-10 16:30:00,,,,,,,,,,,,
2026-04-10 16:45:00,,,,,,,,,,,,
2026-04-10 17:00:00,,,,,,,,,,,,
2026-04-10 17:15:00,,,,,,,,,,,,
2026-04-10 17:30:00,,,,,,,,,,,,
2026-04-10 17:45:00,,,,,,,,,,,,
2026-04-10 18:00:00,,,,,,,,,,,,
2026-04-10 18:15:00,,,,,,,,,,,,
2026-04-10 18:30:00,,,,,,,,,,,,
2026-04-10 18:45:00,,,,,,,,,,,,
2026-04-10 19:00:00,,,,,,,,,,,,
2026-04-10 19:15:00,,,,,,,,,,,,
2026-04-10 19:30:00,,,,,,,,,,,,
2026-04-10 19:45:00,,,,,,,,,,,,
2026-04-10 20:00:00,,,,,,,,,,,,
2026-04-10 20:15:00,,,,,,,,,,,,
2026-04-10 20:30:00,,,,,,,,,,,,
2026-04-10 20:45:00,,,,,,,,,,,,
2026-04-10 21:00:00,,,,,,,,,,,,
2026-04-10 21:15:00,,,,,,,,,,,,
2026-04-10 21:30:00,,,,,,,,,,,,
2026-04-10 21:45:00,,,,,,,,,,,,
2026-04-10 22:00:00,,,,,,,,,,,,
2026-04-10 22:15:00,,,,,,,,,,,,
2026-04-10 22:30:00,,,,,,,,,,,,
2026-04-10 22:45:00,,,,,,,,,,,,
2026-04-10 23:00:00,,,,,,,,,,,,
2026-04-10 23:15:00,,,,,,,,,,,,
2026-04-10 23:30:00,,,,,,,,,,,,
2026-04-10 23:45:00,,,,,,,,,,,,
2026-04-13 08:00:00,,,,,,,,,,,,
2026-04-13 08:15:00,,,,,,,,,,,,
2026-04-13 08:30:00,,,,,,,,,,,,
2026-04-13 08:45:00,,,,,,,,,,,,
2026-04-13 09:00:00,,,,,,,,,,,,
2026-04-13 09:15:00,,,,,,,,,,,,
2026-04-13 09:30:00,,,,,,,,,,,,
2026-04-13 09:45:00,,,,,,,,,,,,
2026-04-13 10:00:00,,,,,,,,,,,,
2026-04-13 10:15:00,,,,,,,,,,,,
2026-04-13 10:30:00,,,,,,,,,,,,
2026-04-13 10:45:00,,,,,,,,,,,,
2026-04-13 11:00:00,,,,,,,,,,,,
2026-04-13 11:15:00,,,,,,,,,,,,
2026-04-13 11:30:00,,,,,,,,,,,,
2026-04-13 11:45:00,,,,,,,,,,,,
2026-04-13 12:00:00,,,,,,,,,,,,
2026-04-13 12:15:00,,,,,,,,,,,,
2026-04-13 12:30:00,,,,,,,,,,,,
2026-04-13 12:45:00,,,,,,,,,,,,
2026-04-13 13:00:00,,,,,,,,,,,,
2026-04-13 13:15:00,,,,,,,,,,,,
2026-04-13 13:30:00,,,,,,,,,,,,
2026-04-13 13:45:00,,,,,,,,,,,,
2026-04-13 14:00:00,,,,,,,,,,,,
2026-04-13 14:15:00,,,,,,,,,,,,
2026-04-13 14:30:00,,,,,,,,,,,,
2026-04-13 14:45:00,,,,,,,,,,,,
2026-04-13 15:00:00,,,,,,,,,,,,
2026-04-13 15:15:00,,,,,,,,,,,,
2026-04-13 15:30:00,,,,,,,,,,,,
2026-04-13 15:45:00,,,,,,,,,,,,
2026-04-13 16:00:00,,,,,,,,,,,,
2026-04-13 16:15:00,,,,,,,,,,,,
2026-04-13 16:30:00,,,,,,,,,,,,
2026-04-13 16:45:00,,,,,,,,,,,,
2026-04-13 17:00:00,,,,,,,,,,,,
2026-04-13 17:15:00,,,,,,,,,,,,
2026-04-13 17:30:00,,,,,,,,,,,,
2026-04-13 17:45:00,,,,,,,,,,,,
2026-04-13 18:00:00,,,,,,,,,,,,
2026-04-13 18:15:00,,,,,,,,,,,,
2026-04-13 18:30:00,,,,,,,,,,,,
2026-04-13 18:45:00,,,,,,,,,,,,
2026-04-13 19:00:00,,,,,,,,,,,,
2026-04-13 19:15:00,,,,,,,,,,,,
2026-04-13 19:30:00,,,,,,,,,,,,
2026-04-13 19:45:00,,,,,,,,,,,,
2026-04-13 20:00:00,,,,,,,,,,,,
2026-04-13 20:15:00,,,,,,,,,,,,
2026-04-13 20:30:00,,,,,,,,,,,,
2026-04-13 20:45:00,,,,,,,,,,,,
2026-04-13 21:00:00,,,,,,,,,,,,
2026-04-13 21:15:00,,,,,,,,,,,,
2026-04-13 21:30:00,,,,,,,,,,,,
2026-04-13 21:45:00,,,,,,,,,,,,
2026-04-13 22:00:00,,,,,,,,,,,,
2026-04-13 22:15:00,,,,,,,,,,,,
2026-04-13 22:30:00,,,,,,,,,,,,
2026-04-13 22:45:00,,,,,,,,,,,,
2026-04-13 23:00:00,,,,,,,,,,,,
2026-04-13 23:15:00,,,,,,,,,,,,
2026-04-13 23:30:00,,,,,,,,,,,,
2026-04-13 23:45:00,,,,,,,,,,,,
2026-04-14 08:00:00,,,,,,,,,,,,
2026-04-14 08:15:00,,,,,,,,,,,,
2026-04-14 08:30:00,,,,,,,,,,,,
2026-04-14 08:45:00,,,,,,,,,,,,
2026-04-14 09:00:00,,,,,,,,,,,,
2026-04-14 09:15:00,,,,,,,,,,,,
2026-04-14 09:30:00,,,,,,,,,,,,
2026-04-14 09:45:00,,,,,,,,,,,,
2026-04-14 10:00:00,,,,,,,,,,,,
2026-04-14 10:15:00,,,,,,,,,,,,
2026-04-14 10:30:00,,,,,,,,,,,,
2026-04-14 10:45:00,,,,,,,,,,,,
2026-04-14 11:00:00,,,,,,,,,,,,
2026-04-14 11:15:00,,,,,,,,,,,,
2026-04-14 11:30:00,,,,,,,,,,,,
2026-04-14 11:45:00,,,,,,,,,,,,
2026-04-14 12:00:00,,,,,,,,,,,,
2026-04-14 12:15:00,,,,,,,,,,,,
2026-04-14 12:30:00,,,,,,,,,,,,
2026-04-14 12:45:00,,,,,,,,,,,,
2026-04-14 13:00:00,,,,,,,,,,,,
2026-04-14 13:15:00,,,,,,,,,,,,
2026-04-14 13:30:00,,,,,,,,,,,,
2026-04-14 13:45:00,,,,,,,,,,,,
2026-04-14 14:00:00,,,,,,,,,,,,
2026-04-14 14:15:00,,,,,,,,,,,,
2026-04-14 14:30:00,,,,,,,,,,,,
2026-04-14 14:45:00,,,,,,,,,,,,
2026-04-14 15:00:00,,,,,,,,,,,,
2026-04-14 15:15:00,,,,,,,,,,,,
2026-04-14 15:30:00,,,,,,,,,,,,
2026-04-14 15:45:00,,,,,,,,,,,,
2026-04-14 16:00:00,,,,,,,,,,,,
2026-04-14 16:15:00,,,,,,,,,,,,
2026-04-14 16:30:00,,,,,,,,,,,,
2026-04-14 16:45:00,,,,,,,,,,,,
2026-04-14 17:00:00,,,,,,,,,,,,
2026-04-14 17:15:00,,,,,,,,,,,,
2026-04-14 17:30:00,,,,,,,,,,,,
2026-04-14 17:45:00,,,,,,,,,,,,
2026-04-14 18:00:00,,,,,,,,,,,,
2026-04-14 18:15:00,,,,,,,,,,,,
2026-04-14 18:30:00,,,,,,,,,,,,
2026-04-14 18:45:00,,,,,,,,,,,,
2026-04-14 19:00:00,,,,,,,,,,,,
2026-04-14 19:15:00,,,,,,,,,,,,
2026-04-14 19:30:00,,,,,,,,,,,,
2026-04-14 19:45:00,,,,,,,,,,,,
2026-04-14 20:00:00,,,,,,,,,,,,
2026-04-14 20:15:00,,,,,,,,,,,,
2026-04-14 20:30:00,,,,,,,,,,,,
2026-04-14 20:45:00,,,,,,,,,,,,
2026-04-14 21:00:00,,,,,,,,,,,,
2026-04-14 21:15:00,,,,,,,,,,,,
2026-04-14 21:30:00,,,,,,,,,,,,
2026-04-14 21:45:00,,,,,,,,,,,,
2026-04-14 22:00:00,,,,,,,,,,,,
2026-04-14 22:15:00,,,,,,,,,,,,
2026-04-14 22:30:00,,,,,,,,,,,,
2026-04-14 22:45:00,,,,,,,,,,,,
2026-04-14 23:00:00,,,,,,,,,,,,
2026-04-14 23:15:00,,,,,,,,,,,,
2026-04-14 23:30:00,,,,,,,,,,,,
2026-04-14 23:45:00,,,,,,,,,,,,
2026-04-15 08:00:00,,,,,,,,,,,,
2026-04-15 08:15:00,,,,,,,,,,,,
2026-04-15 08:30:00,,,,,,,,,,,,
2026-04-15 08:45:00,,,,,,,,,,,,
2026-04-15 09:00:00,,,,,,,,,,,,
2026-04-15 09:15:00,,,,,,,,,,,,
2026-04-15 09:30:00,,,,,,,,,,,,
2026-04-15 09:45:00,,,,,,,,,,,,
2026-04-15 10:00:00,,,,,,,,,,,,
2026-04-15 10:15:00,,,,,,,,,,,,
2026-04-15 10:30:00,,,,,,,,,,,,
2026-04-15 10:45:00,,,,,,,,,,,,
2026-04-15 11:00:00,,,,,,,,,,,,
2026-04-15 11:15:00,,,,,,,,,,,,
2026-04-15 11:30:00,,,,,,,,,,,,
2026-04-15 11:45:00,,,,,,,,,,,,
2026-04-15 12:00:00,,,,,,,,,,,,
2026-04-15 12:15:00,,,,,,,,,,,,
2026-04-15 12:30:00,,,,,,,,,,,,
2026-04-15 12:45:00,,,,,,,,,,,,
2026-04-15 13:00:00,,,,,,,,,,,,
2026-04-15 13:15:00,,,,,,,,,,,,
2026-04-15 13:30:00,,,,,,,,,,,,
2026-04-15 13:45:00,,,,,,,,,,,,
2026-04-15 14:00:00,,,,,,,,,,,,
2026-04-15 14:15:00,,,,,,,,,,,,
2026-04-15 14:30:00,,,,,,,,,,,,
2026-04-15 14:45:00,,,,,,,,,,,,
2026-04-15 15:00:00,,,,,,,,,,,,
2026-04-15 15:15:00,,,,,,,,,,,,
2026-04-15 15:30:00,,,,,,,,,,,,
2026-04-15 15:45:00,,,,,,,,,,,,
2026-04-15 16:00:00,,,,,,,,,,,,
2026-04-15 16:15:00,,,,,,,,,,,,
2026-04-15 16:30:00,,,,,,,,,,,,
2026-04-15 16:45:00,,,,,,,,,,,,
2026-04-15 17:00:00,,,,,,,,,,,,
2026-04-15 17:15:00,,,,,,,,,,,,
2026-04-15 17:30:00,,,,,,,,,,,,
2026-04-15 17:45:00,,,,,,,,,,,,
2026-04-15 18:00:00,,,,,,,,,,,,
2026-04-15 18:15:00,,,,,,,,,,,,
2026-04-15 18:30:00,,,,,,,,,,,,
2026-04-15 18:45:00,,,,,,,,,,,,
2026-04-15 19:00:00,,,,,,,,,,,,
2026-04-15 19:15:00,,,,,,,,,,,,
2026-04-15 19:30:00,,,,,,,,,,,,
2026-04-15 19:45:00,,,,,,,,,,,,
2026-04-15 20:00:00,,,,,,,,,,,,
2026-04-15 20:15:00,,,,,,,,,,,,
2026-04-15 20:30:00,,,,,,,,,,,,
2026-04-15 20:45:00,,,,,,,,,,,,
2026-04-15 21:00:00,,,,,,,,,,,,
2026-04-15 21:15:00,,,,,,,,,,,,
2026-04-15 21:30:00,,,,,,,,,,,,
2026-04-15 21:45:00,,,,,,,,,,,,
2026-04-15 22:00:00,,,,,,,,,,,,
2026-04-15 22:15:00,,,,,,,,,,,,
2026-04-15 22:30:00,,,,,,,,,,,,
2026-04-15 22:45:00,,,,,,,,,,,,
2026-04-15 23:00:00,,,,,,,,,,,,
2026-04-15 23:15:00,,,,,,,,,,,,
2026-04-15 23:30:00,,,,,,,,,,,,
2026-04-15 23:45:00,,,,,,,,,,,,
2026-04-16 08:00:00,,,,,,,,,,,,
2026-04-16 08:15:00,,,,,,,,,,,,
2026-04-16 08:30:00,,,,,,,,,,,,
2026-04-16 08:45:00,,,,,,,,,,,,
2026-04-16 09:00:00,,,,,,,,,,,,
2026-04-16 09:15:00,,,,,,,,,,,,
2026-04-16 09:30:00,,,,,,,,,,,,
2026-04-16 09:45:00,,,,,,,,,,,,
2026-04-16 10:00:00,,,,,,,,,,,,
2026-04-16 10:15:00,,,,,,,,,,,,
2026-04-16 10:30:00,,,,,,,,,,,,
2026-04-16 10:45:00,,,,,,,,,,,,
2026-04-16 11:00:00,,,,,,,,,,,,
2026-04-16 11:15:00,,,,,,,,,,,,
2026-04-16 11:30:00,,,,,,,,,,,,
2026-04-16 11:45:00,,,,,,,,,,,,
2026-04-16 12:00:00,,,,,,,,,,,,
2026-04-16 12:15:00,,,,,,,,,,,,
2026-04-16 12:30:00,,,,,,,,,,,,
2026-04-16 12:45:00,,,,,,,,,,,,
2026-04-16 13:00:00,,,,,,,,,,,,
2026-04-16 13:15:00,,,,,,,,,,,,
2026-04-16 13:30:00,,,,,,,,,,,,
2026-04-16 13:45:00,,,,,,,,,,,,
2026-04-16 14:00:00,,,,,,,,,,,,
2026-04-16 14:15:00,,,,,,,,,,,,
2026-04-16 14:30:00,,,,,,,,,,,,
2026-04-16 14:45:00,,,,,,,,,,,,
2026-04-16 15:00:00,,,,,,,,,,,,
2026-04-16 15:15:00,,,,,,,,,,,,
2026-04-16 15:30:00,,,,,,,,,,,,
2026-04-16 15:45:00,,,,,,,,,,,,
2026-04-16 16:00:00,,,,,,,,,,,,
2026-04-16 16:15:00,,,,,,,,,,,,
2026-04-16 16:30:00,,,,,,,,,,,,
2026-04-16 16:45:00,,,,,,,,,,,,
2026-04-16 17:00:00,,,,,,,,,,,,
2026-04-16 17:15:00,,,,,,,,,,,,
2026-04-16 17:30:00,,,,,,,,,,,,
2026-04-16 17:45:00,,,,,,,,,,,,
2026-04-16 18:00:00,,,,,,,,,,,,
2026-04-16 18:15:00,,,,,,,,,,,,
2026-04-16 18:30:00,,,,,,,,,,,,
2026-04-16 18:45:00,,,,,,,,,,,,
2026-04-16 19:00:00,,,,,,,,,,,,
2026-04-16 19:15:00,,,,,,,,,,,,
2026-04-16 19:30:00,,,,,,,,,,,,
2026-04-16 19:45:00,,,,,,,,,,,,
2026-04-16 20:00:00,,,,,,,,,,,,
2026-04-16 20:15:00,,,,,,,,,,,,
2026-04-16 20:30:00,,,,,,,,,,,,
2026-04-16 20:45:00,,,,,,,,,,,,
2026-04-16 21:00:00,,,,,,,,,,,,
2026-04-16 21:15:00,,,,,,,,,,,,
2026-04-16 21:30:00,,,,,,,,,,,,
2026-04-16 21:45:00,,,,,,,,,,,,
2026-04-16 22:00:00,,,,,,,,,,,,
2026-04-16 22:15:00,,,,,,,,,,,,
2026-04-16 22:30:00,,,,,,,,,,,,
2026-04-16 22:45:00,,,,,,,,,,,,
2026-04-16 23:00:00,,,,,,,,,,,,
2026-04-16 23:15:00,,,,,,,,,,,,
2026-04-16 23:30:00,,,,,,,,,,,,
2026-04-16 23:45:00,,,,,,,,,,,,
2026-04-17 08:00:00,,,,,,,,,,,,
2026-04-17 08:15:00,,,,,,,,,,,,
2026-04-17 08:30:00,,,,,,,,,,,,
2026-04-17 08:45:00,,,,,,,,,,,,
2026-04-17 09:00:00,,,,,,,,,,,,
2026-04-17 09:15:00,,,,,,,,,,,,
2026-04-17 09:30:00,,,,,,,,,,,,
2026-04-17 09:45:00,,,,,,,,,,,,
2026-04-17 10:00:00,,,,,,,,,,,,
2026-04-17 10:15:00,,,,,,,,,,,,
2026-04-17 10:30:00,,,,,,,,,,,,
2026-04-17 10:45:00,,,,,,,,,,,,
2026-04-17 11:00:00,,,,,,,,,,,,
2026-04-17 11:15:00,,,,,,,,,,,,
2026-04-17 11:30:00,,,,,,,,,,,,
2026-04-17 11:45:00,,,,,,,,,,,,
2026-04-17 12:00:00,,,,,,,,,,,,
2026-04-17 12:15:00,,,,,,,,,,,,
2026-04-17 12:30:00,,,,,,,,,,,,
2026-04-17 12:45:00,,,,,,,,,,,,
2026-04-17 13:00:00,,,,,,,,,,,,
2026-04-17 13:15:00,,,,,,,,,,,,
2026-04-17 13:30:00,,,,,,,,,,,,
2026-04-17 13:45:00,,,,,,,,,,,,
2026-04-17 14:00:00,,,,,,,,,,,,
2026-04-17 14:15:00,,,,,,,,,,,,
2026-04-17 14:30:00,,,,,,,,,,,,
2026-04-17 14:45:00,,,,,,,,,,,,
2026-04-17 15:00:00,,,,,,,,,,,,
2026-04-17 15:15:00,,,,,,,,,,,,
2026-04-17 15:30:00,,,,,,,,,,,,
2026-04-17 15:45:00,,,,,,,,,,,,
2026-04-17 16:00:00,,,,,,,,,,,,
2026-04-17 16:15:00,,,,,,,,,,,,
2026-04-17 16:30:00,,,,,,,,,,,,
2026-04-17 16:45:00,,,,,,,,,,,,
2026-04-17 17:00:00,,,,,,,,,,,,
2026-04-17 17:15:00,,,,,,,,,,,,
2026-04-17 17:30:00,,,,,,,,,,,,
2026-04-17 17:45:00,,,,,,,,,,,,
2026-04-17 18:00:00,,,,,,,,,,,,
2026-04-17 18:15:00,,,,,,,,,,,,
2026-04-17 18:30:00,,,,,,,,,,,,
2026-04-17 18:45:00,,,,,,,,,,,,
2026-04-17 19:00:00,,,,,,,,,,,,
2026-04-17 19:15:00,,,,,,,,,,,,
2026-04-17 19:30:00,,,,,,,,,,,,
2026-04-17 19:45:00,,,,,,,,,,,,
2026-04-17 20:00:00,,,,,,,,,,,,
2026-04-17 20:15:00,,,,,,,,,,,,
2026-04-17 20:30:00,,,,,,,,,,,,
2026-04-17 20:45:00,,,,,,,,,,,,
2026-04-17 21:00:00,,,,,,,,,,,,
2026-04-17 21:15:00,,,,,,,,,,,,
2026-04-17 21:30:00,,,,,,,,,,,,
2026-04-17 21:45:00,,,,,,,,,,,,
2026-04-17 22:00:00,,,,,,,,,,,,
2026-04-17 22:15:00,,,,,,,,,,,,
2026-04-17 22:30:00,,,,,,,,,,,,
2026-04-17 22:45:00,,,,,,,,,,,,
2026-04-17 23:00:00,,,,,,,,,,,,
2026-04-17 23:15:00,,,,,,,,,,,,
2026-04-17 23:30:00,,,,,,,,,,,,
2026-04-17 23:45:00,,,,,,,,,,,,
2026-04-20 08:00:00,,,,,,,,,,,,
2026-04-20 08:15:00,,,,,,,,,,,,
2026-04-20 08:30:00,,,,,,,,,,,,
2026-04-20 08:45:00,,,,,,,,,,,,
2026-04-20 09:00:00,,,,,,,,,,,,
2026-04-20 09:15:00,,,,,,,,,,,,
2026-04-20 09:30:00,,,,,,,,,,,,
2026-04-20 09:45:00,,,,,,,,,,,,
2026-04-20 10:00:00,,,,,,,,,,,,
2026-04-20 10:15:00,,,,,,,,,,,,
2026-04-20 10:30:00,,,,,,,,,,,,
2026-04-20 10:45:00,,,,,,,,,,,,
2026-04-20 11:00:00,,,,,,,,,,,,
2026-04-20 11:15:00,,,,,,,,,,,,
2026-04-20 11:30:00,,,,,,,,,,,,
2026-04-20 11:45:00,,,,,,,,,,,,
2026-04-20 12:00:00,,,,,,,,,,,,
2026-04-20 12:15:00,,,,,,,,,,,,
2026-04-20 12:30:00,,,,,,,,,,,,
2026-04-20 12:45:00,,,,,,,,,,,,
2026-04-20 13:00:00,,,,,,,,,,,,
2026-04-20 13:15:00,,,,,,,,,,,,
2026-04-20 13:30:00,,,,,,,,,,,,
2026-04-20 13:45:00,,,,,,,,,,,,
2026-04-20 14:00:00,,,,,,,,,,,,
2026-04-20 14:15:00,,,,,,,,,,,,
2026-04-20 14:30:00,,,,,,,,,,,,
2026-04-20 14:45:00,,,,,,,,,,,,
2026-04-20 15:00:00,,,,,,,,,,,,
2026-04-20 15:15:00,,,,,,,,,,,,
2026-04-20 15:30:00,,,,,,,,,,,,
2026-04-20 15:45:00,,,,,,,,,,,,
2026-04-20 16:00:00,,,,,,,,,,,,
2026-04-20 16:15:00,,,,,,,,,,,,
2026-04-20 16:30:00,,,,,,,,,,,,
2026-04-20 16:45:00,,,,,,,,,,,,
2026-04-20 17:00:00,,,,,,,,,,,,
2026-04-20 17:15:00,,,,,,,,,,,,
2026-04-20 17:30:00,,,,,,,,,,,,
2026-04-20 17:45:00,,,,,,,,,,,,
2026-04-20 18:00:00,,,,,,,,,,,,
2026-04-20 18:15:00,,,,,,,,,,,,
2026-04-20 18:30:00,,,,,,,,,,,,
2026-04-20 18:45:00,,,,,,,,,,,,
2026-04-20 19:00:00,,,,,,,,,,,,
2026-04-20 19:15:00,,,,,,,,,,,,
2026-04-20 19:30:00,,,,,,,,,,,,
2026-04-20 19:45:00,,,,,,,,,,,,
2026-04-20 20:00:00,,,,,,,,,,,,
2026-04-20 20:15:00,,,,,,,,,,,,
2026-04-20 20:30:00,,,,,,,,,,,,
2026-04-20 20:45:00,,,,,,,,,,,,
2026-04-20 21:00:00,,,,,,,,,,,,
2026-04-20 21:15:00,,,,,,,,,,,,
2026-04-20 21:30:00,,,,,,,,,,,,
2026-04-20 21:45:00,,,,,,,,,,,,
2026-04-20 22:00:00,,,,,,,,,,,,
2026-04-20 22:15:00,,,,,,,,,,,,
2026-04-20 22:30:00,,,,,,,,,,,,
2026-04-20 22:45:00,,,,,,,,,,,,
2026-04-20 23:00:00,,,,,,,,,,,,
2026-04-20 23:15:00,,,,,,,,,,,,
2026-04-20 23:30:00,,,,,,,,,,,,
2026-04-20 23:45:00,,,,,,,,,,,,
2026-04-21 08:00:00,,,,,,,,,,,,
2026-04-21 08:15:00,,,,,,,,,,,,
2026-04-21 08:30:00,,,,,,,,,,,,
2026-04-21 08:45:00,,,,,,,,,,,,
2026-04-21 09:00:00,,,,,,,,,,,,
2026-04-21 09:15:00,,,,,,,,,,,,
2026-04-21 09:30:00,,,,,,,,,,,,
2026-04-21 09:45:00,,,,,,,,,,,,
2026-04-21 10:00:00,,,,,,,,,,,,
2026-04-21 10:15:00,,,,,,,,,,,,
2026-04-21 10:30:00,,,,,,,,,,,,
2026-04-21 10:45:00,,,,,,,,,,,,
2026-04-21 11:00:00,,,,,,,,,,,,
2026-04-21 11:15:00,,,,,,,,,,,,
2026-04-21 11:30:00,,,,,,,,,,,,
2026-04-21 11:45:00,,,,,,,,,,,,
2026-04-21 12:00:00,,,,,,,,,,,,
2026-04-21 12:15:00,,,,,,,,,,,,
2026-04-21 12:30:00,,,,,,,,,,,,
2026-04-21 12:45:00,,,,,,,,,,,,
2026-04-21 13:00:00,,,,,,,,,,,,
2026-04-21 13:15:00,,,,,,,,,,,,
2026-04-21 13:30:00,,,,,,,,,,,,
2026-04-21 13:45:00,,,,,,,,,,,,
2026-04-21 14:00:00,,,,,,,,,,,,
2026-04-21 14:15:00,,,,,,,,,,,,
2026-04-21 14:30:00,,,,,,,,,,,,
2026-04-21 14:45:00,,,,,,,,,,,,
2026-04-21 15:00:00,,,,,,,,,,,,
2026-04-21 15:15:00,,,,,,,,,,,,
2026-04-21 15:30:00,,,,,,,,,,,,
2026-04-21 15:45:00,,,,,,,,,,,,
2026-04-21 16:00:00,,,,,,,,,,,,
2026-04-21 16:15:00,,,,,,,,,,,,
2026-04-21 16:30:00,,,,,,,,,,,,
2026-04-21 16:45:00,,,,,,,,,,,,
2026-04-21 17:00:00,,,,,,,,,,,,
2026-04-21 17:15:00,,,,,,,,,,,,
2026-04-21 17:30:00,,,,,,,,,,,,
2026-04-21 17:45:00,,,,,,,,,,,,
2026-04-21 18:00:00,,,,,,,,,,,,
2026-04-21 18:15:00,,,,,,,,,,,,
2026-04-21 18:30:00,,,,,,,,,,,,
2026-04-21 18:45:00,,,,,,,,,,,,
2026-04-21 19:00:00,,,,,,,,,,,,
2026-04-21 19:15:00,,,,,,,,,,,,
2026-04-21 19:30:00,,,,,,,,,,,,
2026-04-21 19:45:00,,,,,,,,,,,,
2026-04-21 20:00:00,,,,,,,,,,,,
2026-04-21 20:15:00,,,,,,,,,,,,
2026-04-21 20:30:00,,,,,,,,,,,,
2026-04-21 20:45:00,,,,,,,,,,,,
2026-04-21 21:00:00,,,,,,,,,,,,
2026-04-21 21:15:00,,,,,,,,,,,,
2026-04-21 21:30:00,,,,,,,,,,,,
2026-04-21 21:45:00,,,,,,,,,,,,
2026-04-21 22:00:00,,,,,,,,,,,,
2026-04-21 22:15:00,,,,,,,,,,,,
2026-04-21 22:30:00,,,,,,,,,,,,
2026-04-21 22:45:00,,,,,,,,,,,,
2026-04-21 23:00:00,,,,,,,,,,,,
2026-04-21 23:15:00,,,,,,,,,,,,
2026-04-21 23:30:00,,,,,,,,,,,,
2026-04-21 23:45:00,,,,,,,,,,,,
2026-04-22 08:00:00,,,,,,,,,,,,
2026-04-22 08:15:00,,,,,,,,,,,,
2026-04-22 08:30:00,,,,,,,,,,,,
2026-04-22 08:45:00,,,,,,,,,,,,
2026-04-22 09:00:00,,,,,,,,,,,,
2026-04-22 09:15:00,,,,,,,,,,,,
2026-04-22 09:30:00,,,,,,,,,,,,
2026-04-22 09:45:00,,,,,,,,,,,,
2026-04-22 10:00:00,,,,,,,,,,,,
2026-04-22 10:15:00,,,,,,,,,,,,
2026-04-22 10:30:00,,,,,,,,,,,,
2026-04-22 10:45:00,,,,,,,,,,,,
2026-04-22 11:00:00,,,,,,,,,,,,
2026-04-22 11:15:00,,,,,,,,,,,,
2026-04-22 11:30:00,,,,,,,,,,,,
2026-04-22 11:45:00,,,,,,,,,,,,
2026-04-22 12:00:00,,,,,,,,,,,,
2026-04-22 12:15:00,,,,,,,,,,,,
2026-04-22 12:30:00,,,,,,,,,,,,
2026-04-22 12:45:00,,,,,,,,,,,,
2026-04-22 13:00:00,,,,,,,,,,,,
2026-04-22 13:15:00,,,,,,,,,,,,
2026-04-22 13:30:00,,,,,,,,,,,,
2026-04-22 13:45:00,,,,,,,,,,,,
2026-04-22 14:00:00,,,,,,,,,,,,
2026-04-22 14:15:00,,,,,,,,,,,,
2026-04-22 14:30:00,,,,,,,,,,,,
2026-04-22 14:45:00,,,,,,,,,,,,
2026-04-22 15:00:00,,,,,,,,,,,,
2026-04-22 15:15:00,,,,,,,,,,,,
2026-04-22 15:30:00,,,,,,,,,,,,
2026-04-22 15:45:00,,,,,,,,,,,,
2026-04-22 16:00:00,,,,,,,,,,,,
2026-04-22 16:15:00,,,,,,,,,,,,
2026-04-22 16:30:00,,,,,,,,,,,,
2026-04-22 16:45:00,,,,,,,,,,,,
2026-04-22 17:00:00,,,,,,,,,,,,
2026-04-22 17:15:00,,,,,,,,,,,,
2026-04-22 17:30:00,,,,,,,,,,,,
2026-04-22 17:45:00,,,,,,,,,,,,
2026-04-22 18:00:00,,,,,,,,,,,,
2026-04-22 18:15:00,,,,,,,,,,,,
2026-04-22 18:30:00,,,,,,,,,,,,
2026-04-22 18:45:00,,,,,,,,,,,,
2026-04-22 19:00:00,,,,,,,,,,,,
2026-04-22 19:15:00,,,,,,,,,,,,
2026-04-22 19:30:00,,,,,,,,,,,,
2026-04-22 19:45:00,,,,,,,,,,,,
2026-04-22 20:00:00,,,,,,,,,,,,
2026-04-22 20:15:00,,,,,,,,,,,,
2026-04-22 20:30:00,,,,,,,,,,,,
2026-04-22 20:45:00,,,,,,,,,,,,
2026-04-22 21:00:00,,,,,,,,,,,,
2026-04-22 21:15:00,,,,,,,,,,,,
2026-04-22 21:30:00,,,,,,,,,,,,
2026-04-22 21:45:00,,,,,,,,,,,,
2026-04-22 22:00:00,,,,,,,,,,,,
2026-04-22 22:15:00,,,,,,,,,,,,
2026-04-22 22:30:00,,,,,,,,,,,,
2026-04-22 22:45:00,,,,,,,,,,,,
2026-04-22 23:00:00,,,,,,,,,,,,
2026-04-22 23:15:00,,,,,,,,,,,,
2026-04-22 23:30:00,,,,,,,,,,,,
2026-04-22 23:45:00,,,,,,,,,,,,
2026-04-23 08:00:00,,,,,,,,,,,,
2026-04-23 08:15:00,,,,,,,,,,,,
2026-04-23 08:30:00,,,,,,,,,,,,
2026-04-23 08:45:00,,,,,,,,,,,,
2026-04-23 09:00:00,,,,,,,,,,,,
2026-04-23 09:15:00,,,,,,,,,,,,
2026-04-23 09:30:00,,,,,,,,,,,,
2026-04-23 09:45:00,,,,,,,,,,,,
2026-04-23 10:00:00,,,,,,,,,,,,
2026-04-23 10:15:00,,,,,,,,,,,,
2026-04-23 10:30:00,,,,,,,,,,,,
2026-04-23 10:45:00,,,,,,,,,,,,
2026-04-23 11:00:00,,,,,,,,,,,,
2026-04-23 11:15:00,,,,,,,,,,,,
2026-04-23 11:30:00,,,,,,,,,,,,
2026-04-23 11:45:00,,,,,,,,,,,,
2026-04-23 12:00:00,,,,,,,,,,,,
2026-04-23 12:15:00,,,,,,,,,,,,
2026-04-23 12:30:00,,,,,,,,,,,,
2026-04-23 12:45:00,,,,,,,,,,,,
2026-04-23 13:00:00,,,,,,,,,,,,
2026-04-23 13:15:00,,,,,,,,,,,,
2026-04-23 13:30:00,,,,,,,,,,,,
2026-04-23 13:45:00,,,,,,,,,,,,
2026-04-23 14:00:00,,,,,,,,,,,,
2026-04-23 14:15:00,,,,,,,,,,,,
2026-04-23 14:30:00,,,,,,,,,,,,
2026-04-23 14:45:00,,,,,,,,,,,,
2026-04-23 15:00:00,,,,,,,,,,,,
2026-04-23 15:15:00,,,,,,,,,,,,
2026-04-23 15:30:00,,,,,,,,,,,,
2026-04-23 15:45:00,,,,,,,,,,,,
2026-04-23 16:00:00,,,,,,,,,,,,
2026-04-23 16:15:00,,,,,,,,,,,,
2026-04-23 16:30:00,,,,,,,,,,,,
2026-04-23 16:45:00,,,,,,,,,,,,
2026-04-23 17:00:00,,,,,,,,,,,,
2026-04-23 17:15:00,,,,,,,,,,,,
2026-04-23 17:30:00,,,,,,,,,,,,
2026-04-23 17:45:00,,,,,,,,,,,,
2026-04-23 18:00:00,,,,,,,,,,,,
2026-04-23 18:15:00,,,,,,,,,,,,
2026-04-23 18:30:00,,,,,,,,,,,,
2026-04-23 18:45:00,,,,,,,,,,,,
2026-04-23 19:00:00,,,,,,,,,,,,
2026-04-23 19:15:00,,,,,,,,,,,,
2026-04-23 19:30:00,,,,,,,,,,,,
2026-04-23 19:45:00,,,,,,,,,,,,
2026-04-23 20:00:00,,,,,,,,,,,,
2026-04-23 20:15:00,,,,,,,,,,,,
2026-04-23 20:30:00,,,,,,,,,,,,
2026-04-23 20:45:00,,,,,,,,,,,,
2026-04-23 21:00:00,,,,,,,,,,,,
2026-04-23 21:15:00,,,,,,,,,,,,
2026-04-23 21:30:00,,,,,,,,,,,,
2026-04-23 21:45:00,,,,,,,,,,,,
2026-04-23 22:00:00,,,,,,,,,,,,
2026-04-23 22:15:00,,,,,,,,,,,,
2026-04-23 22:30:00,,,,,,,,,,,,
2026-04-23 22:45:00,,,,,,,,,,,,
2026-04-23 23:00:00,,,,,,,,,,,,
2026-04-23 23:15:00,,,,,,,,,,,,
2026-04-23 23:30:00,,,,,,,,,,,,
2026-04-23 23:45:00,,,,,,,,,,,,
2026-04-24 08:00:00,,,,,,,,,,,,
2026-04-24 08:15:00,,,,,,,,,,,,
2026-04-24 08:30:00,,,,,,,,,,,,
2026-04-24 08:45:00,,,,,,,,,,,,
2026-04-24 09:00:00,,,,,,,,,,,,
2026-04-24 09:15:00,,,,,,,,,,,,
2026-04-24 09:30:00,,,,,,,,,,,,
2026-04-24 09:45:00,,,,,,,,,,,,
2026-04-24 10:00:00,,,,,,,,,,,,
2026-04-24 10:15:00,,,,,,,,,,,,
2026-04-24 10:30:00,,,,,,,,,,,,
2026-04-24 10:45:00,,,,,,,,,,,,
2026-04-24 11:00:00,,,,,,,,,,,,
2026-04-24 11:15:00,,,,,,,,,,,,
2026-04-24 11:30:00,,,,,,,,,,,,
2026-04-24 11:45:00,,,,,,,,,,,,
2026-04-24 12:00:00,,,,,,,,,,,,
2026-04-24 12:15:00,,,,,,,,,,,,
2026-04-24 12:30:00,,,,,,,,,,,,
2026-04-24 12:45:00,,,,,,,,,,,,
2026-04-24 13:00:00,,,,,,,,,,,,
2026-04-24 13:15:00,,,,,,,,,,,,
2026-04-24 13:30:00,,,,,,,,,,,,
2026-04-24 13:45:00,,,,,,,,,,,,
2026-04-24 14:00:00,,,,,,,,,,,,
2026-04-24 14:15:00,,,,,,,,,,,,
2026-04-24 14:30:00,,,,,,,,,,,,
2026-04-24 14:45:00,,,,,,,,,,,,
2026-04-24 15:00:00,,,,,,,,,,,,
2026-04-24 15:15:00,,,,,,,,,,,,
2026-04-24 15:30:00,,,,,,,,,,,,
2026-04-24 15:45:00,,,,,,,,,,,,
2026-04-24 16:00:00,,,,,,,,,,,,
2026-04-24 16:15:00,,,,,,,,,,,,
2026-04-24 16:30:00,,,,,,,,,,,,
2026-04-24 16:45:00,,,,,,,,,,,,
2026-04-24 17:00:00,,,,,,,,,,,,
2026-04-24 17:15:00,,,,,,,,,,,,
2026-04-24 17:30:00,,,,,,,,,,,,
2026-04-24 17:45:00,,,,,,,,,,,,
2026-04-24 18:00:00,,,,,,,,,,,,
2026-04-24 18:15:00,,,,,,,,,,,,
2026-04-24 18:30:00,,,,,,,,,,,,
2026-04-24 18:45:00,,,,,,,,,,,,
2026-04-24 19:00:00,,,,,,,,,,,,
2026-04-24 19:15:00,,,,,,,,,,,,
2026-04-24 19:30:00,,,,,,,,,,,,
2026-04-24 19:45:00,,,,,,,,,,,,
2026-04-24 20:00:00,,,,,,,,,,,,
2026-04-24 20:15:00,,,,,,,,,,,,
2026-04-24 20:30:00,,,,,,,,,,,,
2026-04-24 20:45:00,,,,,,,,,,,,
2026-04-24 21:00:00,,,,,,,,,,,,
2026-04-24 21:15:00,,,,,,,,,,,,
2026-04-24 21:30:00,,,,,,,,,,,,
2026-04-24 21:45:00,,,,,,,,,,,,
2026-04-24 22:00:00,,,,,,,,,,,,
2026-04-24 22:15:00,,,,,,,,,,,,
2026-04-24 22:30:00,,,,,,,,,,,,
2026-04-24 22:45:00,,,,,,,,,,,,
2026-04-24 23:00:00,,,,,,,,,,,,
2026-04-24 23:15:00,,,,,,,,,,,,
2026-04-24 23:30:00,,,,,,,,,,,,
2026-04-24 23:45:00,,,,,,,,,,,,
2026-04-27 08:00:00,,,,,,,,,,,,
2026-04-27 08:15:00,,,,,,,,,,,,
2026-04-27 08:30:00,,,,,,,,,,,,
2026-04-27 08:45:00,,,,,,,,,,,,
2026-04-27 09:00:00,,,,,,,,,,,,
2026-04-27 09:15:00,,,,,,,,,,,,
2026-04-27 09:30:00,,,,,,,,,,,,
2026-04-27 09:45:00,,,,,,,,,,,,
2026-04-27 10:00:00,,,,,,,,,,,,
2026-04-27 10:15:00,,,,,,,,,,,,
2026-04-27 10:30:00,,,,,,,,,,,,
2026-04-27 10:45:00,,,,,,,,,,,,
2026-04-27 11:00:00,,,,,,,,,,,,
2026-04-27 11:15:00,,,,,,,,,,,,
2026-04-27 11:30:00,,,,,,,,,,,,
2026-04-27 11:45:00,,,,,,,,,,,,
2026-04-27 12:00:00,,,,,,,,,,,,
2026-04-27 12:15:00,,,,,,,,,,,,
2026-04-27 12:30:00,,,,,,,,,,,,
2026-04-27 12:45:00,,,,,,,,,,,,
2026-04-27 13:00:00,,,,,,,,,,,,
2026-04-27 13:15:00,,,,,,,,,,,,
2026-04-27 13:30:00,,,,,,,,,,,,
2026-04-27 13:45:00,,,,,,,,,,,,
2026-04-27 14:00:00,,,,,,,,,,,,
2026-04-27 14:15:00,,,,,,,,,,,,
2026-04-27 14:30:00,,,,,,,,,,,,
2026-04-27 14:45:00,,,,,,,,,,,,
2026-04-27 15:00:00,,,,,,,,,,,,
2026-04-27 15:15:00,,,,,,,,,,,,
2026-04-27 15:30:00,,,,,,,,,,,,
2026-04-27 15:45:00,,,,,,,,,,,,
2026-04-27 16:00:00,,,,,,,,,,,,
2026-04-27 16:15:00,,,,,,,,,,,,
2026-04-27 16:30:00,,,,,,,,,,,,
2026-04-27 16:45:00,,,,,,,,,,,,
2026-04-27 17:00:00,,,,,,,,,,,,
2026-04-27 17:15:00,,,,,,,,,,,,
2026-04-27 17:30:00,,,,,,,,,,,,
2026-04-27 17:45:00,,,,,,,,,,,,
2026-04-27 18:00:00,,,,,,,,,,,,
2026-04-27 18:15:00,,,,,,,,,,,,
2026-04-27 18:30:00,,,,,,,,,,,,
2026-04-27 18:45:00,,,,,,,,,,,,
2026-04-27 19:00:00,,,,,,,,,,,,
2026-04-27 19:15:00,,,,,,,,,,,,
2026-04-27 19:30:00,,,,,,,,,,,,
2026-04-27 19:45:00,,,,,,,,,,,,
2026-04-27 20:00:00,,,,,,,,,,,,
2026-04-27 20:15:00,,,,,,,,,,,,
2026-04-27 20:30:00,,,,,,,,,,,,
2026-04-27 20:45:00,,,,,,,,,,,,
2026-04-27 21:00:00,,,,,,,,,,,,
2026-04-27 21:15:00,,,,,,,,,,,,
2026-04-27 21:30:00,,,,,,,,,,,,
2026-04-27 21:45:00,,,,,,,,,,,,
2026-04-27 22:00:00,,,,,,,,,,,,
2026-04-27 22:15:00,,,,,,,,,,,,
2026-04-27 22:30:00,,,,,,,,,,,,
2026-04-27 22:45:00,,,,,,,,,,,,
2026-04-27 23:00:00,,,,,,,,,,,,
2026-04-27 23:15:00,,,,,,,,,,,,
2026-04-27 23:30:00,,,,,,,,,,,,
2026-04-27 23:45:00,,,,,,,,,,,,
2026-04-28 08:00:00,,,,,,,,,,,,
2026-04-28 08:15:00,,,,,,,,,,,,
2026-04-28 08:30:00,,,,,,,,,,,,
2026-04-28 08:45:00,,,,,,,,,,,,
2026-04-28 09:00:00,,,,,,,,,,,,
2026-04-28 09:15:00,,,,,,,,,,,,
2026-04-28 09:30:00,,,,,,,,,,,,
2026-04-28 09:45:00,,,,,,,,,,,,
2026-04-28 10:00:00,,,,,,,,,,,,
2026-04-28 10:15:00,,,,,,,,,,,,
2026-04-28 10:30:00,,,,,,,,,,,,
2026-04-28 10:45:00,,,,,,,,,,,,
2026-04-28 11:00:00,,,,,,,,,,,,
2026-04-28 11:15:00,,,,,,,,,,,,
2026-04-28 11:30:00,,,,,,,,,,,,
2026-04-28 11:45:00,,,,,,,,,,,,
2026-04-28 12:00:00,,,,,,,,,,,,
2026-04-28 12:15:00,,,,,,,,,,,,
2026-04-28 12:30:00,,,,,,,,,,,,
2026-04-28 12:45:00,,,,,,,,,,,,
2026-04-28 13:00:00,,,,,,,,,,,,
2026-04-28 13:15:00,,,,,,,,,,,,
2026-04-28 13:30:00,,,,,,,,,,,,
2026-04-28 13:45:00,,,,,,,,,,,,
2026-04-28 14:00:00,,,,,,,,,,,,
2026-04-28 14:15:00,,,,,,,,,,,,
2026-04-28 14:30:00,,,,,,,,,,,,
2026-04-28 14:45:00,,,,,,,,,,,,
2026-04-28 15:00:00,,,,,,,,,,,,
2026-04-28 15:15:00,,,,,,,,,,,,
2026-04-28 15:30:00,,,,,,,,,,,,
2026-04-28 15:45:00,,,,,,,,,,,,
2026-04-28 16:00:00,,,,,,,,,,,,
2026-04-28 16:15:00,,,,,,,,,,,,
2026-04-28 16:30:00,,,,,,,,,,,,
2026-04-28 16:45:00,,,,,,,,,,,,
2026-04-28 17:00:00,,,,,,,,,,,,
2026-04-28 17:15:00,,,,,,,,,,,,
2026-04-28 17:30:00,,,,,,,,,,,,
2026-04-28 17:45:00,,,,,,,,,,,,
2026-04-28 18:00:00,,,,,,,,,,,,
2026-04-28 18:15:00,,,,,,,,,,,,
2026-04-28 18:30:00,,,,,,,,,,,,
2026-04-28 18:45:00,,,,,,,,,,,,
2026-04-28 19:00:00,,,,,,,,,,,,
2026-04-28 19:15:00,,,,,,,,,,,,
2026-04-28 19:30:00,,,,,,,,,,,,
2026-04-28 19:45:00,,,,,,,,,,,,
2026-04-28 20:00:00,,,,,,,,,,,,
2026-04-28 20:15:00,,,,,,,,,,,,
2026-04-28 20:30:00,,,,,,,,,,,,
2026-04-28 20:45:00,,,,,,,,,,,,
2026-04-28 21:00:00,,,,,,,,,,,,
2026-04-28 21:15:00,,,,,,,,,,,,
2026-04-28 21:30:00,,,,,,,,,,,,
2026-04-28 21:45:00,,,,,,,,,,,,
2026-04-28 22:00:00,,,,,,,,,,,,
2026-04-28 22:15:00,,,,,,,,,,,,
2026-04-28 22:30:00,,,,,,,,,,,,
2026-04-28 22:45:00,,,,,,,,,,,,
2026-04-28 23:00:00,,,,,,,,,,,,
2026-04-28 23:15:00,,,,,,,,,,,,
2026-04-28 23:30:00,,,,,,,,,,,,
2026-04-28 23:45:00,,,,,,,,,,,,
